學校級別,代碼,學校名稱,縣市別,鄉鎮市區,郵遞區號,地址,電話,網址,體系別,"地區
屬性",X 坐標,Y 坐標
高級中等學校,10301,國立華僑高級中等學校,新北市,板橋區,220,新北市板橋區大觀路一段32號,(02)29684131,http://www.nocsh.ntpc.edu.tw,,,295178.942,2766686.48
高級中等學校,11301,私立淡江高中,新北市,淡水區,251,新北市淡水區真理街26號,(02)26203850,http://www.tksh.ntpc.edu.tw,,,293930.465,2785238.828
高級中等學校,11302,私立康橋高中,新北市,新店區,231,新北市新店區華城路800號,(02)22166000,http://www.kcbs.ntpc.edu.tw,,,300284.485,2756006.109
高級中等學校,11306,私立金陵女中,新北市,三重區,241,新北市三重區重新路五段656號,(02)29956776,http://www.glghs.ntpc.edu.tw,,,297062.566,2770566.877
高級中等學校,11307,新北市裕德高級中等學校,新北市,土城區,236,新北市土城區擺接堡路1號,(02)82617889,http://www.yuteh.ntpc.edu.tw/,,,294378.061,2763963.975
高級中等學校,11309,財團法人南山高中,新北市,中和區,235,新北市中和區廣福路41號,(02)22453000,http://www.nssh.ntpc.edu.tw,,,300817.785,2766052.328
高級中等學校,11310,財團法人恆毅高中,新北市,新莊區,242,新北市新莊區中正路108號,(02)29923619,http://www.hchs.ntpc.edu.tw,,,295789.261,2769903.034
高級中等學校,11311,私立聖心女中,新北市,八里區,249,新北市八里區龍米路一段263號,(02)26182287,http://www.shgsh.ntpc.edu.tw,,,295329.446,2780785.258
高級中等學校,11312,私立崇義高中,新北市,汐止區,221,新北市汐止區大同路三段68號,(02)86482078,http://www.tyhs.ntpc.edu.tw/,,,317506.503,2774466.358
高級中等學校,11314,財團法人中華高中,新北市,土城區,236,新北市土城區城林路2號,(02)22693641,http://www.chsh.ntpc.edu.tw,,,294163.939,2763149.013
高級中等學校,11315,私立東海高中,新北市,三重區,241,新北市三重區忠孝路三段93巷12號,(02)29822788 ,http://www.thhs.ntpc.edu.tw,,,298321.002,2773038.489
高級中等學校,11316,私立格致高中,新北市,三重區,241,新北市三重區大智街260號,(02)29855892,http://www.gjsh.ntpc.edu.tw,,,299302.959,2774045.282
高級中等學校,11317,私立醒吾高中,新北市,林口區,244,新北市林口區粉寮路一段75巷80號,(02)26012644,http://www.swsh.ntpc.edu.tw,,,289924.362,2774649.384
高級中等學校,11318,私立徐匯高中,新北市,蘆洲區,247,新北市蘆洲區中山一路1號,(02)22817565,http://www.sish.ntpc.edu.tw,,,298417.482,2774754.115
高級中等學校,11322,新北市崇光高中,新北市,新店區,231,新北市新店區三民路18號,(02)29112543,http://www.ckgsh.ntpc.edu.tw,,,304426.664,2762758.804
高級中等學校,11323,私立光仁高中,新北市,板橋區,220,新北市板橋區中山路二段255巷18號,(02)29615161,http://www.kjsh.ntpc.edu.tw,,,298130.603,2767871.385
高級中等學校,11324,私立竹林高中,新北市,中和區,235,新北市中和區華新街143巷12號,(02)29422128,http://www.clsh.ntpc.edu.tw,,,301084.84,2763648.887
高級中等學校,11325,私立及人高中,新北市,新店區,231,新北市新店區安興路1號,(02)22112581,http://www.cjsh.ntpc.edu.tw,,,301986.416,2762141.855
高級中等學校,11329,財團法人辭修高中,新北市,三峽區,237,新北市三峽區溪東路251號,(02)86761277,http://www.tsshs.ntpc.edu.tw,,,291351.122,2758311.634
高級中等學校,11330,新北市林口康橋國際高中,新北市,林口區,244,新北市林口區興林路55號,(02)26015888,http://www.kcislk.ntpc.edu.tw/zh/index.html,,,289315.013,2774104.123
高級中等學校,11399,私立時雨高中,新北市,瑞芳區,224,新北市瑞芳區銅山里祈堂路217號,(02)24962217,http://www.syjh.ntpc.edu.tw,,,336222.863,2778171.656
高級中等學校,11405,私立樹人家商,新北市,樹林區,238,新北市樹林區大安路216號,(02)26870391,http://www.stgvs.ntpc.edu.tw,,,292321.086,2765218.805
高級中等學校,11407,私立復興商工,新北市,永和區,234,新北市永和區秀朗路一段201號,(02)29262121,http://www.fhvs.ntpc.edu.tw,,,302345.95,2766264.494
高級中等學校,11408,私立南強工商,新北市,新店區,231,新北市新店區文化路42號,(02)29155144,http://www.ncvs.ntpc.edu.tw,,,305005.748,2763768.756
高級中等學校,11413,私立穀保家商,新北市,三重區,241,新北市三重區中正北路560巷38號,(02)29712343,http://www.kpvs.ntpc.edu.tw,,,297530.974,2773581.571
高級中等學校,11419,私立開明工商,新北市,新店區,231,新北市新店區寶中路49號,(02)29136061,http://www.kmvs.ntpc.edu.tw,,,305145.738,2763673.472
高級中等學校,11420,私立智光商工,新北市,永和區,234,新北市永和區中正路100號,(02)29432491,http://www.ckvs.ntpc.edu.tw,,,301912.974,2765398.306
高級中等學校,11421,私立清傳高商,新北市,三重區,241,新北市三重區五谷王北街141巷1號,(02)29955535,http://www.ccvs.ntpc.edu.tw,,,298115.147,2771625.951
高級中等學校,11426,私立能仁家商,新北市,新店區,231,新北市新店區文中路53巷10號,(02)29182399,http://www.nrvs.ntpc.edu.tw,,,304570.607,2761114.352
高級中等學校,11427,私立豫章工商,新北市,板橋區,220,新北市板橋區四川路一段391號,(02)29519810,http://www.ycvs.ntpc.edu.tw,,,296259.093,2765552.544
高級中等學校,11431,私立莊敬工家,新北市,新店區,231,新北市新店區民生路45號,(02)22188956,http://www.jjvs.ntpc.edu.tw,,,303730.727,2764305.052
高級中等學校,11432,私立中華商海,新北市,萬里區,207,新北市萬里區瑪鋉路15號,(02)24922119,http://www.chmvs.ntpc.edu.tw,,,319080.67,2785650.028
高級中等學校,011C71,私立光華高商進修學校,新北市,板橋區,220,新北市板橋區南雅南路二段40號,(02)89522255,http://www.khvs.ntpc.edu.tw,,,295825.6,2766160.6
高級中等學校,13303,市立泰山高中,新北市,泰山區,243,新北市泰山區辭修路7號,(02)22963625,http://www.tssh.ntpc.edu.tw,,,293370.693,2772239.523
高級中等學校,13304,市立板橋高中,新北市,板橋區,220,新北市板橋區文化路一段25號,(02)29602500,http://www.pcsh.ntpc.edu.tw,,,296337.463,2767150.241
高級中等學校,13335,市立新店高中,新北市,新店區,231,新北市新店區中央路93號,(02)22193700,http://www.htsh.ntpc.edu.tw,,,303692.308,2763181.469
高級中等學校,13336,市立中和高中,新北市,中和區,235,新北市中和區連城路460號,(02)22227146,http://www.chshs.ntpc.edu.tw,,,298286.762,2765196.532
高級中等學校,13337,市立新莊高中,新北市,新莊區,242,新北市新莊區中平路135號,(02)29912391,http://www.hcsh.ntpc.edu.tw,,,294866.583,2771188.277
高級中等學校,13338,市立新北高中,新北市,三重區,241,新北市三重區三信路1號,(02)28577326,http://www.ntsh.ntpc.edu.tw/,,,299354.066,2775522.368
高級中等學校,13339,市立林口高中,新北市,林口區,244,新北市林口區仁愛路二段173號,(02)26009482,http://www.lksh.ntpc.edu.tw,,,288435.525,2773988.092
高級中等學校,13402,市立瑞芳高工,新北市,瑞芳區,224,新北市瑞芳區瑞芳街60號,(02)24972516,http://www.jfvs.ntpc.edu.tw,,,331155.863,2778283.597
高級中等學校,13430,市立三重商工,新北市,三重區,241,新北市三重區中正北路163號,(02)29715606,http://www.scvs.ntpc.edu.tw,,,298431.579,2773577.971
高級中等學校,13433,市立新北高工,新北市,土城區,236,新北市土城區學府路一段241號,(02)22612483,http://www.ntvs.ntpc.edu.tw/bin/home.php,,,295467.825,2764004.153
高級中等學校,13434,市立淡水商工,新北市,淡水區,251,新北市淡水區商工路307號,(02)26203930,http://www.tsvs.ntpc.edu.tw,,,295760.181,2786540.814
高級中等學校,14302,市立海山高中,新北市,板橋區,220,新北市板橋區漢生東路215號,(02)29517475,http://www.hshs.ntpc.edu.tw,,,297527.704,2766984.774
高級中等學校,14311,市立三重高中,新北市,三重區,241,新北市三重區集美街212號,(02)29760501,http://www.schs.ntpc.edu.tw/,,,299587.65,2771925.555
高級中等學校,14315,市立永平高中,新北市,永和區,234,新北市永和區永平路205號,(02)22319670,http://www.yphs.ntpc.edu.tw,,,301336.661,2767064.758
高級中等學校,14322,市立樹林高中,新北市,樹林區,238,新北市樹林區中華路8號,(02)86852011,http://www.slsh.ntpc.edu.tw,,,292649.55,2763954.033
高級中等學校,14326,市立明德高中,新北市,三峽區,237,新北市三峽區中正路二段399號,(02)26723302,http://www.mdhs.ntpc.edu.tw,,,286760.853,2755518.569
高級中等學校,14332,市立秀峰高中,新北市,汐止區,221,新北市汐止區忠孝東路201號,(02)26412134,http://www.sfhs.ntpc.edu.tw/default_page.asp,,,316594.693,2773209.817
高級中等學校,14338,市立金山高中,新北市,金山區,208,新北市金山區美田里文化二路2號,(02)24982028,http://www.cshs.ntpc.edu.tw,,偏遠,314175.626,2790814.676
高級中等學校,14343,市立安康高中,新北市,新店區,231,新北市新店區安興路25號,(02)22111743,http://www.akhs.ntpc.edu.tw,,,301990.756,2762421.62
高級中等學校,14347,市立雙溪高中,新北市,雙溪區,227,新北市雙溪區梅竹蹊3號,(02)24931028,http://www.sxhs.ntpc.edu.tw,,偏遠,337105.012,2769924.22
高級中等學校,14348,市立石碇高中,新北市,石碇區,223,新北市石碇區隆盛里八分寮45號,(02)26631224,http://www.sdhs.ntpc.edu.tw,,偏遠,314857.869,2767342.81
高級中等學校,14353,市立丹鳳高中,新北市,新莊區,242,新北市新莊區龍安路72號,(02)29089627,http://www.dfsh.ntpc.edu.tw/,,,292001.166,2768190.158
高級中等學校,14356,市立清水高中,新北市,土城區,236,新北市土城區明德路一段72號,(02)22707801,http://www.cssh.ntpc.edu.tw,,,296975.708,2763865.907
高級中等學校,14357,市立三民高中,新北市,蘆洲區,247,新北市蘆洲區三民路96號,(02)22894675,http://www.smsh.ntpc.edu.tw,,,297643.426,2775456.624
高級中等學校,14362,市立錦和高中,新北市,中和區,235,新北市中和區錦和路163號,(02)22498566,http://www.jhsh.ntpc.edu.tw,,,299573.937,2765041.076
高級中等學校,14363,市立光復高中,新北市,板橋區,220,新北市板橋區光環路一段7號,(02)29582366,http://www.gfhs.ntpc.edu.tw/,,,298670.053,2767703.884
高級中等學校,14364,市立竹圍高中,新北市,淡水區,251,新北市淡水區竹林路 35 號,(02)28096990,http://www.zwhs.ntpc.edu.tw/,,,296550.873,2782032.498
高級中等學校,14381,市立北大高級中學,新北市,三峽區,237,新北市三峽區大義路277號,(02)26742666 ,http://www.bdsh.ntpc.edu.tw,,,287980.055,2760137.894
高級中等學校,14399,市立豐珠中學,新北市,貢寮區,228,新北市貢寮區美豐里雞母嶺街6-6號,(02)24903727,http://www.fjjh.ntpc.edu.tw/,,偏遠,340952.969,2773369.592
高級中等學校,14439,市立鶯歌工商,新北市,鶯歌區,239,新北市鶯歌區中正三路154號,(02)26775040,http://www.ykvs.ntpc.edu.tw,,,283831.94,2759094.374
高級中等學校,14468,市立樟樹國際實中,新北市,汐止區,221,新北市汐止區樟樹二路135號,(02)26430686,http://www.ctjhs.ntpc.edu.tw/,,,314538.164,2773221.288
高級中等學校,20301,國立蘭陽女中,宜蘭縣,宜蘭市,260,宜蘭縣宜蘭市女中路二段355號,(03)9333819,http://www.lygsh.ilc.edu.tw,,,326202.33,2737783
高級中等學校,20302,國立宜蘭高中,宜蘭縣,宜蘭市,260,宜蘭縣宜蘭市復興路三段8號,(03)9324153,http://www.ylsh.ilc.edu.tw,,,325128.39,2738414.985
高級中等學校,20308,國立羅東高中,宜蘭縣,羅東鎮,265,宜蘭縣羅東鎮公正路324號,(03)9567645 ,http://www.ltsh.ilc.edu.tw,,,327121.76,2730625.96
高級中等學校,20403,國立宜蘭高商,宜蘭縣,宜蘭市,260,宜蘭縣宜蘭市延平路50號,(039)384147,http://www.ilvs.ilc.edu.tw,,,327422.822,2738846.034
高級中等學校,20404,國立羅東高商,宜蘭縣,羅東鎮,265,宜蘭縣羅東鎮中山路4段360號,(039)512875,http://www.ltcvs.ilc.edu.tw,,,326627.59,2729749.5
高級中等學校,20405,國立蘇澳海事,宜蘭縣,蘇澳鎮,270,宜蘭縣蘇澳鎮蘇港路213號,(039)951661,http://www.savs.ilc.edu.tw,,,335635.53,2721088.17
高級中等學校,20407,國立羅東高工,宜蘭縣,冬山鄉,269,宜蘭縣冬山鄉廣興路117號,(039)514196,http://web.ltivs.ilc.edu.tw,,,326015.23,2729465.08
高級中等學校,20409,國立頭城家商,宜蘭縣,頭城鎮,261,宜蘭縣頭城鎮新興路111號,(039)771131,http://www.tcvs.ilc.edu.tw,,,332572.94,2749552.852
高級中等學校,21301,私立慧燈高中,宜蘭縣,員山鄉,264,宜蘭縣員山鄉枕山村枕山路117-60號,(03)9229968,http://www.hdsh.ilc.edu.tw,,,322358.388,2741217.764
高級中等學校,21310,私立中道高中,宜蘭縣,壯圍鄉,263,宜蘭縣壯圍鄉功勞村中央路三段312巷7號,(03)9306696,http://www.cdsh.ilc.edu.tw,,,330239.897,2739311.323
高級中等學校,24322,縣立南澳高中,宜蘭縣,南澳鄉,272,宜蘭縣南澳鄉蘇花路二段301號,(03)9981024,http://www.nojh.ilc.edu.tw,,偏遠,331180.91,2706864.56
高級中等學校,24325,縣立慈心華德福實中,宜蘭縣,冬山鄉,269,宜蘭縣冬山鄉照安路257號,(039)596222,http://www.waldorf.ilc.edu.tw/,,,330488.57,2724620.12
高級中等學校,30305,國立中央大學附屬中壢高中,桃園市,中壢區,320,桃園市中壢區三光路115號,(03)4932181,http://www.clhs.tyc.edu.tw,,,271268.79,2761511.33
高級中等學校,30403,國立北科大附屬桃園農工,桃園市,桃園區,330,桃園市桃園區成功路二段144號,(03)3333921,http://www.tyai.tyc.edu.tw,,,282368.968,2765135.005
高級中等學校,31301,私立漢英高中,桃園市,龍潭區,325,桃園市龍潭區中正路佳安段446號,(03)4712531,http://www.hhs.tyc.edu.tw/,,,274776.34,2748904.54
高級中等學校,31309,桃園市育達高中,桃園市,平鎮區,324,桃園市平鎮區育達路160號,(03)4934101,http://www.yuda.tyc.edu.tw,,,271121.31,2760509.71
高級中等學校,31310,私立六和高中,桃園市,平鎮區,324,桃園市平鎮區陸光路180號,(03)4204000,https://www.lioho.tw/ischool/publish_page/0/,,,268707.71,2759747.84
高級中等學校,31311,桃園市復旦高中,桃園市,平鎮區,324,桃園市平鎮區復旦路二段122號,(03)4932476,https://www.fdhs.tyc.edu.tw/school.htm,,,270520.09,2760082.6
高級中等學校,31312,桃園市治平高中,桃園市,楊梅區,326,桃園市楊梅區埔心中興路137號,(03)4823636,http://www.cpshs.tyc.edu.tw/home,,,268909.54,2756481.28
高級中等學校,31313,桃園市振聲高中,桃園市,桃園區,330,桃園市桃園區復興路439號,(03)3322605 ,http://www.fxsh.tyc.edu.tw,,,280432.161,2764773.895
高級中等學校,31317,私立光啟高中,桃園市,龜山區,333,桃園市龜山區自由街40號,(02)82098313,http://www.phsh.tyc.edu.tw,,,290657.72,2768031.28
高級中等學校,31318,桃園市啟英高中,桃園市,中壢區,320,桃園市中壢區中園路447號,(03)4523036,http://web.cyvs.tyc.edu.tw/html/,,,273753,2763040.01
高級中等學校,31319,桃園市清華高中,桃園市,新屋區,327,桃園市新屋區中華路658號,(03)4771196,http://www.chvs.tyc.edu.tw,,,260890,2763710.01
高級中等學校,31320,桃園市新興高中,桃園市,八德區,334,桃園市八德區永豐路563號,(03)3796996,http://www.hshs.tyc.edu.tw,,,277435.146,2763041.602
高級中等學校,31323,私立至善高中,桃園市,大溪區,335,桃園市大溪區康莊路645號,(03)3887528,http://www.tzsavs.tyc.edu.tw,,,278742,2751100.01
高級中等學校,31324,桃園市大興高中,桃園市,大園區,337,桃園市大園區永興路142號,(03)3862330,http://www.dxhs.tyc.edu.tw,,,269417.62,2772653.66
高級中等學校,31326,私立大華高中,桃園市,楊梅區,326,桃園市楊梅區三民路二段200號,(03)4820506,http://www.thsh.tyc.edu.tw,,,267614.44,2752782.89
高級中等學校,31414,私立成功工商,桃園市,龜山區,333,桃園市龜山區新興里明德路162巷100號,(03)3294187,http://www.ckvs.tyc.edu.tw,,,284418.06,2764596.37
高級中等學校,31415,私立方曙商工,桃園市,龍潭區,325,桃園市龍潭區上林里中原路一段50號,(03)4796345,http://www.fsvs.tyc.edu.tw,,,270304.86,2749983.56
高級中等學校,31421,私立永平工商,桃園市,楊梅區,326,桃園市楊梅區(埔心)永平路480號,(03)4822464,http://www.ypvs.tyc.edu.tw,,,267563,2756870.01
高級中等學校,33302,市立龍潭高中,桃園市,龍潭區,325,桃園市龍潭區神龍路155號,(03)4792829,http://www.ltsh.tyc.edu.tw/bin/home.php,,,271533.08,2750451.06
高級中等學校,33304,市立桃園高中,桃園市,桃園區,330,桃園市桃園區成功路三段38號,(03)3946001,http://www.tysh.tyc.edu.tw,,,282948.497,2765744.06
高級中等學校,33306,市立武陵高中,桃園市,桃園區,330,桃園市桃園區中山路889號,(03)3698170,http://www.wlsh.tyc.edu.tw,,,278834.734,2764503.642
高級中等學校,33316,市立楊梅高中,桃園市,楊梅區,326,桃園市楊梅區高獅路5號,(03)4789618,http://www.ymhs.tyc.edu.tw/,,,265020.31,2757076.81
高級中等學校,33325,市立陽明高中,桃園市,桃園區,330,桃園市桃園區德壽街8號,(03)3672706,http://www.pymhs.tyc.edu.tw,,,280655.15,2763764.9
高級中等學校,33327,市立內壢高中,桃園市,中壢區,320,桃園市中壢區成章四街120號,(03)4528080,http://www.nlhs.tyc.edu.tw,,,275886.877,2763384.454
高級中等學校,33407,市立中壢高商,桃園市,中壢區,320,桃園市中壢區中央西路二段141巷100號,(03)4929871,http://www.clvsc.tyc.edu.tw,,,271689.564,2761619.726
高級中等學校,33408,市立中壢家商,桃園市,中壢區,320,桃園市中壢區德育路36號,(03)4271627,http://www.pclhvs.cl.edu.tw,,,272224.671,2760588.96
高級中等學校,34306,市立南崁高中,桃園市,蘆竹區,338,桃園市蘆竹區五福里仁愛路2段1號,(03)3525580,http://www.nkjh.tyc.edu.tw,,,280025.3,2771620.64
高級中等學校,34312,市立大溪高中,桃園市,大溪區,335,桃園市大溪區康莊路641號,(03)3878628,http://www.dssh.tyc.edu.tw,,,278796.91,2751303.88
高級中等學校,34314,市立壽山高中,桃園市,龜山區,333,桃園市龜山區大同路23號,(03)3501778,http://www.sssh.tyc.edu.tw,,,284417.53,2765245.79
高級中等學校,34319,市立平鎮高中,桃園市,平鎮區,324,桃園市平鎮區環南路三段100號,(03)4287288,http://www.pjhs.tyc.edu.tw,,,272123.11,2759095.51
高級中等學校,34332,市立觀音高中,桃園市,觀音區,328,桃園市觀音區新坡里中山路2段519號,(03)4981464,http://www.gish.tyc.edu.tw,,,263406.79,2767425.34
高級中等學校,34335,市立新屋高級中等學校,桃園市,新屋區,327,桃園市新屋區中興路111號,(03)4772029,http://www.swjh.tyc.edu.tw/,,,260281.58,2762469.58
高級中等學校,34347,市立永豐高中,桃園市,八德區,334,桃園市八德區永豐路609號,(03)3692679,http://www.yfms.tyc.edu.tw,,,277269.3,2763094.34
高級中等學校,34399,市立大園國際高中,桃園市,大園區,337,桃園市大園區大成路二段8號,(03)3813001,http://www.dysh.tyc.edu.tw,,,272253.86,2768195.87
高級中等學校,40302,國立竹東高中,新竹縣,竹東鎮,310,新竹縣竹東鎮大林路2號,(03)5962024,http://www.ctsh.hcc.edu.tw,,,258783.32,2736159.6
高級中等學校,40304,國立關西高中,新竹縣,關西鎮,306,新竹縣關西鎮東安里中山東路2號,(03)5872049,https://www.khsh.hcc.edu.tw/,,,268820.046,2742507.819
高級中等學校,40308,國立竹北高中,新竹縣,竹北市,302,新竹縣竹北市中央路3號,(03)5517330,http://www.cpshs.hcc.edu.tw,,,250416.409,2747719.471
高級中等學校,41303,私立義民高中,新竹縣,竹北市,302,新竹縣竹北市中正西路15號,(03)5552020,http://www.ymsh.hcc.edu.tw,,,250423.1,2747951.28
高級中等學校,41305,私立忠信高中,新竹縣,新豐鄉,304,新竹縣新豐鄉忠信街178號,(03)5595775 ,https://www.chhs.hcc.edu.tw/,,,250210.221,2752640.649
高級中等學校,41306,私立東泰高中,新竹縣,竹東鎮,310,新竹縣竹東鎮東峰路343號,(03)5961232,http://www.ttsh.hcc.edu.tw,,,259994.168,2733806.388
高級中等學校,41307,私立仰德高中,新竹縣,新豐鄉,304,新竹縣新豐鄉員山村133號,(03)5592158,http://www.ydvs.hcc.edu.tw,,,250521.179,2752601.825
高級中等學校,41401,私立內思高工,新竹縣,新埔鎮,305,新竹縣新埔鎮楊新路一段40號,(03)5882520,http://www.savs.hcc.edu.tw,,,258286.345,2746757.701
高級中等學校,44311,縣立六家高級中學,新竹縣,竹北市,302,新竹縣竹北市嘉興路356號,(03)5503824,http://www.ljjh.hcc.edu.tw/,,,253234.535,2745944.511
高級中等學校,44320,縣立湖口高中,新竹縣,湖口鄉,303,新竹縣湖口鄉中正路二段263巷21號,(03)5690772,http://www.hkhs.hcc.edu.tw,,,255237.196,2753681.69
高級中等學校,50303,國立苗栗高中,苗栗縣,苗栗市,360,苗栗縣苗栗市至公路183號,(037)320072,http://www.mlsh.mlc.edu.tw,,,231426.612,2716990.12
高級中等學校,50310,國立竹南高中,苗栗縣,竹南鎮,350,苗栗縣竹南鎮中正路98號,(037)476855,http://www.cnsh.mlc.edu.tw,,,237329.625,2730768.192
高級中等學校,50314,國立卓蘭高中,苗栗縣,卓蘭鎮,369,苗栗縣卓蘭鎮老庄里161號,(04)25892007,http://w2.cles.mlc.edu.tw/,,,232646.36,2689615.13
高級中等學校,50315,國立苑裡高中,苗栗縣,苑裡鎮,358,苗栗縣苑裡鎮育才街100號,(037)868680,http://www.ylsh.mlc.edu.tw,,,215150.223,2704712.222
高級中等學校,50401,國立大湖農工,苗栗縣,大湖鄉,364,苗栗縣大湖鄉大寮村竹高屋68號,(037)992216,http://www.thvs.mlc.edu.tw,,,235962.2,2701695.28
高級中等學校,50404,國立苗栗農工,苗栗縣,苗栗市,360,苗栗縣苗栗市經國路二段491號,(037)329281,http://www.mlaivs.mlc.edu.tw,,,233198.719,2716656.75
高級中等學校,50407,國立苗栗高商,苗栗縣,苗栗市,360,苗栗縣苗栗市電台街7號,(037)356001,http://www.mlvs.mlc.edu.tw,,,231229,2716820.01
高級中等學校,51302,私立君毅高中,苗栗縣,竹南鎮,350,苗栗縣竹南鎮公義路245號,(037)622009,http://www.cish.mlc.edu.tw,,,238177.073,2732686.251
高級中等學校,51305,私立大成高中,苗栗縣,頭份市,351,苗栗縣頭份市新華里下新店65號,(037)663371,http://www.tcsh.mlc.edu.tw,,,243786,2730470.01
高級中等學校,51306,私立建臺高中,苗栗縣,苗栗市,360,苗栗縣苗栗市福麗里至公路251號,(037)353270,http://www.ctsh.mlc.edu.tw,,,231247.537,2717069.992
高級中等學校,51307,私立全人實驗高中,苗栗縣,卓蘭鎮,369,苗栗縣卓蘭鎮內灣里內灣141-3號,(04)25896909,http://holistic.org.tw/,,,236056.23,2688816.28
高級中等學校,51408,私立中興商工,苗栗縣,竹南鎮,350,苗栗縣竹南鎮大營路211號,(037)467360,http://www.csvs.mlc.edu.tw,,,237104.286,2731230.194
高級中等學校,51411,私立育民工家,苗栗縣,苗栗市,360,苗栗縣苗栗市水源里育民街37號,(037)353888,http://www.ymvs.mlc.edu.tw,,,231169.582,2714619.836
高級中等學校,51412,私立賢德工商,苗栗縣,通霄鎮,357,苗栗縣通霄鎮五北里74之1號,(037)751011,http://www.sdvs.mlc.edu.tw,,,217106.371,2707685.724
高級中等學校,51413,私立龍德家商,苗栗縣,苑裡鎮,358,苗栗縣苑裡鎮房裡里南房75之1號,(037)851277,http://www.ldvs.mlc.edu.tw/,,,213890.294,2702529.802
高級中等學校,54308,縣立三義高中,苗栗縣,三義鄉,367,苗栗縣三義鄉廣盛村11鄰122號,(037)872015,https://sjh.mlc.edu.tw/Home/Index.php,,,226258.26,2700440.78
高級中等學校,54309,縣立苑裡高中,苗栗縣,苑裡鎮,358,苗栗縣苑裡鎮客庄里1鄰初中路2號,(037)861042,http://www.yljh.mlc.edu.tw,,,215898,2703540.01
高級中等學校,54317,縣立興華高中,苗栗縣,頭份市,351,苗栗縣頭份市中正一路401號,(037)663403,http://www.shhs.mlc.edu.tw,,,243517.141,2730972.564
高級中等學校,54333,縣立大同高中,苗栗縣,竹南鎮,350,苗栗縣竹南鎮大埔里六鄰公義路890號,(037)580566,https://dtsh.mlc.edu.tw/Home/Index.php,,,239409.557,2733428.826
高級中等學校,60322,國立興大附中,臺中市,大里區,412,臺中市大里區東榮路369號,(04)24875199,http://www.dali.tc.edu.tw,,,217823.85,2667190.4
高級中等學校,60323,國立中科實驗高級中學,臺中市,大雅區,428,臺中市大雅區平和路227號,(04)25686850,http://www.nehs.tc.edu.tw,,,212028.748,2680515.527
高級中等學校,61301,財團法人常春藤高中,臺中市,潭子區,427,臺中市潭子區潭興路一段165巷320號,(04)25395066,http://www.ivyjhs.tc.edu.tw,,,221217.808,2676583.067
高級中等學校,61306,私立明台高中,臺中市,霧峰區,413,臺中市霧峰區萊園路91號,(04)23393071,http://www.mths.tc.edu.tw,,,219796.025,2661894.75
高級中等學校,61309,私立致用高中,臺中市,大甲區,437,臺中市大甲區甲東路512號,(04)26872354,http://www.cycivs.tc.edu.tw,,,212547.58,2692880.52
高級中等學校,61310,私立大明高中,臺中市,大里區,412,臺中市大里區新仁路三段210號,(04)24821027,http://www.tmsh.tc.edu.tw,,,218074.42,2667946.37
高級中等學校,61311,私立嘉陽高中,臺中市,清水區,436,臺中市清水區中航路三段1號,(04)26152168,http://www.cysh.tc.edu.tw,,,207742.686,2684578.73
高級中等學校,61313,私立明道高中,臺中市,烏日區,414,臺中市烏日區中山路一段497號,(04)23372101,http://www.mingdao.edu.tw,,,212875.182,2666764.455
高級中等學校,61314,私立僑泰高中,臺中市,大里區,412,臺中市大里區樹王路342號,(04)24063936,http://www.ctas.tc.edu.tw,,,216147.87,2667447.61
高級中等學校,61315,私立華盛頓高中,臺中市,太平區,411,臺中市太平區廍仔坑路26號(原弘仁),(04)23934712,http://www.whs.tc.edu.tw,,,224122,2672580.01
高級中等學校,61316,私立青年高中,臺中市,大里區,412,臺中市大里區中湖路100號,(04)24954181,http://www.youth.tc.edu.tw,,,218870.13,2664744.37
高級中等學校,61317,私立弘文高中,臺中市,潭子區,427,臺中市潭子區弘文街100號,(04)25340011,http://www.hwhs.tc.edu.tw,,,219963.422,2680127.268
高級中等學校,61318,私立立人高中,臺中市,大里區,412,臺中市大里區中興路二段380號,(04)24834138,http://www.lzsh.tc.edu.tw,,,218446.42,2666797.48
高級中等學校,61319,私立玉山高中,臺中市,東勢區,423,臺中市東勢區東崎路四段399號,(04)25771313,http://www.yssh.tc.edu.tw,,,234282.865,2682781.865
高級中等學校,61321,私立慈明高中,臺中市,太平區,411,臺中市太平區光德路388號,(04)22713911,http://www.tmhs.tc.edu.tw,,,222063.31,2666850.29
高級中等學校,61322,華德福大地實驗學校,臺中市,烏日區,414,臺中市烏日區公園路36號,(04)23377520,http://www.motherearth.com.tw/,,,212155.872,2666418.099
高級中等學校,63303,市立大甲高中,臺中市,大甲區,437,臺中市大甲區中山路一段720號,(04)26877165,http://www.djsh.tc.edu.tw/,,,211606.511,2692957.746
高級中等學校,63305,市立清水高中,臺中市,清水區,436,臺中市清水區中山路90號,(04)26222116,http://www.cshs.tc.edu.tw,,,206763.079,2684477.144
高級中等學校,63312,市立豐原高中,臺中市,豐原區,420,臺中市豐原區水源路150號,(04)25290381,http://www.fysh.tc.edu.tw/,,,223795.2,2683424.06
高級中等學校,63401,市立豐原高商,臺中市,豐原區,420,臺中市豐原區圓環南路50號,(04)25283556,http://www.fyvs.tc.edu.tw/,,,220838.31,2682290.89
高級中等學校,63402,市立大甲高工,臺中市,大甲區,437,臺中市大甲區頂店里開元路71號,(04)26874132,http://www.tcvs.tc.edu.tw/,,,213924.665,2693816.995
高級中等學校,63404,市立東勢高工,臺中市,東勢區,423,臺中市東勢區東關路6段1328號,(04)25872136,https://tsvs.tc.edu.tw/,,,233126.153,2681945.909
高級中等學校,63407,市立沙鹿高工,臺中市,沙鹿區,433,臺中市沙鹿區臺灣大道7段823號,(04)26621795,http://www.slvs.tc.edu.tw/,,,205842.647,2681556.415
高級中等學校,63408,市立霧峰農工,臺中市,霧峰區,413,臺中市霧峰區中正路1222號,(04)23303118,http://www.wufai.edu.tw/,,,219741.932,2663080.764
高級中等學校,64308,市立后綜高中,臺中市,后里區,421,臺中市后里區廣福里三豐路三段968號,(04):25562012,http://www.hzsh.tc.edu.tw,,,221846.029,2688965.433
高級中等學校,64324,市立大里高中,臺中市,大里區,412,臺中市大里區國中路365號,(04)24067870,http://www.dlsh.tc.edu.tw,,,217321.52,2665528.03
高級中等學校,64328,市立新社高中,臺中市,新社區,426,臺中市新社區復盛里中和街三段國中巷10號,(04)25812116,http://www.sshs.tc.edu.tw,,,230425.411,2681248.258
高級中等學校,64336,市立長億高中,臺中市,太平區,411,臺中市太平區長億里長億六街1號,(04)22799267,https://cyhs.tc.edu.tw/,,,221701.8,2667573.16
高級中等學校,64342,市立中港高中,臺中市,梧棲區,435,臺中市梧棲區文昌路400號,(04)26578270,http://www.cgsh.tc.edu.tw,,,203506.086,2682209.989
高級中等學校,64350,市立龍津高中,臺中市,龍井區,434,臺中市龍井區三港路130號,(04)26304536,https://ljjhs.tc.edu.tw/,,,201397.57,2677770.59
高級中等學校,64406,市立神岡高工,臺中市,神岡區,429,臺中市神岡區社南里中山路627號, (04)25623421,https://sgihs.tc.edu.tw/,,,217593.69,2682457.23
高級中等學校,70301,國立彰化女中,彰化縣,彰化市,500,彰化縣彰化市光復路62號,(04)7240042,http://www.chgsh.chc.edu.tw,,,203581.74,2664088.91
高級中等學校,70304,國立員林高中,彰化縣,員林市,510,彰化縣員林市靜修路79號,(04)8320364,http://www.ylsh.chc.edu.tw,,,205600,2650770.009
高級中等學校,70307,國立彰化高中,彰化縣,彰化市,500,彰化縣彰化市介壽里中興路78號,(04)7222121,http://www.chsh.chc.edu.tw,,,204396.87,2662964.57
高級中等學校,70316,國立鹿港高中,彰化縣,鹿港鎮,505,彰化縣鹿港鎮東石里中山路661號,(04)7772403,http://www.lksh.chc.edu.tw,,,191513.09,2661869.5
高級中等學校,70319,國立溪湖高中,彰化縣,溪湖鎮,514,彰化縣溪湖鎮湖東里大溪路二段86號,(04)8826436,http://www.hhsh.chc.edu.tw,,,197812.733,2651576.205
高級中等學校,70401,國立彰師附工,彰化縣,彰化市,500,彰化縣彰化市和調里工校街1號,(04)7252541,http://www.sivs.chc.edu.tw,,,204853.34,2664241.02
高級中等學校,70402,國立永靖高工,彰化縣,永靖鄉,512,彰化縣永靖鄉永北村永坡路101號,(04)8221810,http://www.yjvs.chc.edu.tw,,,203732.483,2646978.549
高級中等學校,70403,國立二林工商,彰化縣,二林鎮,526,彰化縣二林鎮豐田里斗苑路四段500號,(04)8962132,http://www.elvs.chc.edu.tw,,,186592.406,2644079.377
高級中等學校,70405,國立秀水高工,彰化縣,秀水鄉,504,彰化縣秀水鄉福安村中山路364號,(04)7697021,http://www.ssivs.chc.edu.tw,,,199065.153,2658924.968
高級中等學校,70406,國立彰化高商,彰化縣,彰化市,500,彰化縣彰化市華陽里南郭路一段326號,(04)7262623,http://w2.chsc.tw/,,,204511.32,2663160.41
高級中等學校,70408,國立員林農工,彰化縣,員林市,510,彰化縣員林市員水路二段313號,(04)8360105,http://www.ylvs.chc.edu.tw,,,207439.29,2650065.03
高級中等學校,70409,國立員林崇實高工,彰化縣,員林市,510,彰化縣員林市育英路103號,(04)8347106,http://www.csvs.chc.edu.tw,,,206776.31,2650786.86
高級中等學校,70410,國立員林家商,彰化縣,員林市,510,彰化縣員林市中正路56號,(04)8320260,http://www.ylhcvs.chc.edu.tw,,,206895.24,2649602.48
高級中等學校,70415,國立北斗家商,彰化縣,北斗鎮,521,彰化縣北斗鎮大道里學府路50號,(04)8882224,http://www.pthc.chc.edu.tw,,,201329.643,2641649.647
高級中等學校,71311,私立精誠高中,彰化縣,彰化市,500,彰化縣彰化市林森路200號,(04)7622790,http://www.cchs.chc.edu.tw,,,202030.65,2663246.72
高級中等學校,71317,私立文興高中,彰化縣,田中鎮,520,彰化縣田中鎮員集路三段93號,(04)8753889 ,http://web1.hshs.chc.edu.tw/bin/home.php,,,207889.988,2640407.235
高級中等學校,71318,財團法人正德高中,彰化縣,彰化市,500,彰化縣彰化市莿桐里彰水路145號,(04)7524109,http://www.zdvs.chc.edu.tw,,,201034.07,2661612.08
高級中等學校,71413,私立大慶商工,彰化縣,員林市,510,彰化縣員林市山腳路二段206號,(04)8311005,http://www.dcvs.chc.edu.tw,,,209398,2649360.009
高級中等學校,71414,私立達德商工,彰化縣,田中鎮,520,彰化縣田中鎮中南路二段277號,(04)8753929,http://www.tdvs.chc.edu.tw,,,210132.515,2638776.809
高級中等學校,74308,縣立彰化藝術高中,彰化縣,彰化市,500,彰化縣彰化市卦山路13號,(04)7222844,http://www.chash.chc.edu.tw,,,204700.35,2663817.97
高級中等學校,74313,縣立二林高中,彰化縣,二林鎮,526,彰化縣二林鎮中西里二城路6號,(04)8960121,http://www.elsh.chc.edu.tw,,,184717.951,2643022.515
高級中等學校,74323,縣立和美高中,彰化縣,和美鎮,508,彰化縣和美鎮西園路三十一號,(04)7552043,http://www.hmjh.chc.edu.tw/,,,198518.28,2667631.65
高級中等學校,74328,縣立田中高中,彰化縣,田中鎮,520,彰化縣田中鎮文化街23號,(04)8745820,https://www.tcjh.chc.edu.tw/,,,208108.867,2639022.168
高級中等學校,74339,縣立成功高中,彰化縣,溪湖鎮,514,彰化縣溪湖鎮福德路310號,(04)8819676,http://www.ckjh.chc.edu.tw/,,,196248.62,2649754.72
高級中等學校,80302,國立南投高中,南投縣,南投市,540,南投縣南投市建國路137號,(049)2231175,http://www.ntsh.ntct.edu.tw,,,217513,2645148
高級中等學校,80305,國立中興高中,南投縣,南投市,540,南投縣南投市中興新村中學路2號,(049)2331014,http://www.chsh.ntct.edu.tw,,,218924,2649497
高級中等學校,80307,國立竹山高中,南投縣,竹山鎮,557,南投縣竹山鎮下橫街253號,(049)2643344,http://www.cshs.ntct.edu.tw,,,217540.62,2628507.23
高級中等學校,80308,國立暨大附中,南投縣,埔里鎮,545,南投縣埔里鎮鐵山路1-6號,(049)2913483,http://www.pshs.ntct.edu.tw,,,244480.9,2651924.58
高級中等學校,80401,國立仁愛高農,南投縣,仁愛鄉,546,南投縣仁愛鄉大同村山農巷27號,(049)2802619,http://www.ravs.ntct.edu.tw,,極偏,263511.54,2657445.39
高級中等學校,80403,國立埔里高工,南投縣,埔里鎮,545,南投縣埔里鎮中山路一段435號,(049)2982225,http://www.plvs.ntct.edu.tw,,,247807.39,2651946.5
高級中等學校,80404,國立南投高商,南投縣,南投市,540,南投縣南投市三興里彰南路一段993號,(049)2222269,http://www.pntcv.ntct.edu.tw,,,217960,2644412
高級中等學校,80406,國立草屯商工,南投縣,草屯鎮,542,南投縣草屯鎮芬草路二段736號,(049)2362082,http://www.ttvs.ntct.edu.tw,,,215974.09,2654551
高級中等學校,80410,國立水里商工,南投縣,水里鄉,553,南投縣水里鄉南湖路1號,(049)2870666,http://www.slvs.ntct.edu.tw,,,234975.336,2633440.711
高級中等學校,81311,私立五育高中,南投縣,南投市,540,南投縣南投市樂利路200號,(049)2246346,http://www.wu-yu.ntct.edu.tw,,,216610.1,2643212.38
高級中等學校,81312,私立三育高中,南投縣,魚池鄉,555,南投縣魚池鄉瓊文巷39號,(049)2897212,http://www.taa.ntct.edu.tw,,,243104.63,2644542.17
高級中等學校,81313,私立弘明實驗高中,南投縣,名間鄉,551,南投縣名間鄉東湖村大老巷102號,(049)2731799,http://www.holdmean.org.tw,,,219255.13,2639484.15
高級中等學校,81314,私立普台高中,南投縣,埔里鎮,545,南投縣埔里鎮一新里中台路5號,(049)2932899,http://www.ctworld.org.tw/ptshs/index.htm,,,243412.21,2654514.42
高級中等學校,81409,南投縣同德高中,南投縣,草屯鎮,542,南投縣草屯鎮中正路培英巷8號,(049)2553109,http://www.tdvs.ntct.edu.tw,,,218986.227,2654949.999
高級中等學校,84309,縣立旭光高中,南投縣,草屯鎮,542,南投縣草屯鎮中正路568-23號,(049)2563472,http://www.skjhs.ntct.edu.tw,,,218937.51,2652852.48
高級中等學校,90305,國立斗六高中,雲林縣,斗六市,640,雲林縣斗六市民生路224號,(05)5322039,http://www.tlsh.ylc.edu.tw,,,203685.18,2623311.39
高級中等學校,90306,國立北港高中,雲林縣,北港鎮,651,雲林縣北港鎮成功路26號,(05)7821411,http://www.pksh.ylc.edu.tw,,,179017.991,2608506.344
高級中等學校,90315,國立虎尾高中,雲林縣,虎尾鎮,632,雲林縣虎尾鎮光復路222號,(05)6322121,http://www.hwsh.ylc.edu.tw,,,193111.4,2623043.88
高級中等學校,90401,國立虎尾農工,雲林縣,虎尾鎮,632,雲林縣虎尾鎮公安里博愛路65號,(05)6322767,http://www.hwaivs.ylc.edu.tw,,,192415,2623540.009
高級中等學校,90402,國立西螺農工,雲林縣,西螺鎮,648,雲林縣西螺鎮大同路4號,(05)5862024,http://www.hlvs.ylc.edu.tw,,,196092.31,2632371.96
高級中等學校,90403,國立斗六家商,雲林縣,斗六市,640,雲林縣斗六市成功路120號,(05)5322147,http://www.tlhc.ylc.edu.tw,,,203807.72,2622672.51
高級中等學校,90404,國立北港農工,雲林縣,北港鎮,651,雲林縣北港鎮太平路80號,(05)7832246,http://www.pkvs.ylc.edu.tw,,,179473.23,2608716.31
高級中等學校,90413,國立土庫商工,雲林縣,土庫鎮,633,雲林縣土庫鎮中央路2號,(05)6622538,http://www.tkvs.ylc.edu.tw,,,187532.095,2618926.97
高級中等學校,91307,私立永年高中,雲林縣,土庫鎮,633,雲林縣土庫鎮建國路13號,(05)6622540,http://www.ynhs.ylc.edu.tw,,,188749.877,2619634.723
高級中等學校,91308,私立正心高中,雲林縣,斗六市,640,雲林縣斗六市虎溪里正心路1號,(05)5512502,http://www.shsh.ylc.edu.tw,,,201806.19,2623405.2
高級中等學校,91311,私立文生高中,雲林縣,四湖鄉,654,雲林縣四湖鄉中正路509號,(05)7872024,http://www.svsh.ylc.edu.tw,,,171187.939,2614466.715
高級中等學校,91312,私立巨人高中,雲林縣,北港鎮,651,雲林縣北港鎮大同路647號,(05)7835937,http://www.tssh.ylc.edu.tw,,,177409.84,2608112.172
高級中等學校,91316,私立揚子高中,雲林縣,虎尾鎮,632,雲林縣虎尾鎮潁川里林森路二段541號,(05)6330181,http://www.ytjh.ylc.edu.tw,,,191255.95,2621519.28
高級中等學校,91318,財團法人義峰高中,雲林縣,林內鄉,643,雲林縣林內鄉烏麻村長源201號,(05)5800099,http://www.yfsh.ylc.edu.tw,,,208583.92,2628486.9
高級中等學校,91319,福智高中,雲林縣,古坑鄉,646,雲林縣古坑鄉麻園村平和23號,(05)5828223,http://bwsh.ylc.edu.tw,,,201136.54,2614676.29
高級中等學校,91320,雲林縣維多利亞實驗高中,雲林縣,斗六市,640,雲林縣斗六市鎮南路1110號,(05)5378899,http://www.victoria.ylc.edu.tw,,,204364.03,2619571.22
高級中等學校,91410,私立大成商工,雲林縣,虎尾鎮,632,雲林縣虎尾鎮成平街21號,(05)6322534,http://www.tcvhs.ylc.edu.tw,,,193510.31,2623092.79
高級中等學校,91414,私立大德工商,雲林縣,斗南鎮,630,雲林縣斗南鎮大同路400號,(05)5970977,http://www.ddvs.ylc.edu.tw,,,196352.34,2620323.82
高級中等學校,94301,縣立斗南高中,雲林縣,斗南鎮,630,雲林縣斗南鎮中山路212號,(05)5972059,http://www.tnjh.ylc.edu.tw,,,196553,2619920.009
高級中等學校,94307,縣立麥寮高中,雲林縣,麥寮鄉,638,雲林縣麥寮鄉中興路310號,(05)6932050,http://www.mljh.ylc.edu.tw,,偏遠,173737.755,2628364.716
高級中等學校,94308,縣立古坑華德福實驗高級中學,雲林縣,古坑鄉,646,雲林縣古坑鄉荷苞村山峰17號,(05)5822075,http://tw.school.uschoolnet.com/?id=es00003779,,特偏,210741.776,2614171.264
高級中等學校,94326,縣立蔦松藝術高中,雲林縣,水林鄉,652,雲林縣水林鄉松北村1之1號,(05)7841801,http://www.nsjh.ylc.edu.tw/,,偏遠,171380.364,2602263.028
高級中等學校,100301,國立東石高中,嘉義縣,朴子市,613,嘉義縣朴子市大鄉里253號,(05)3794180,http://www.tssh.cyc.edu.tw,,,173561.49,2595942
高級中等學校,100302,國立新港藝術高中,嘉義縣,新港鄉,616,嘉義縣新港鄉宮後村藝高路1號,(05)3747060,http://140.130.169.1,,,183590.88,2606496.82
高級中等學校,100402,國立民雄農工,嘉義縣,民雄鄉,621,嘉義縣民雄鄉文隆村81號,(05)2267120,http://www.mhvs.cyc.edu.tw,,,191464.89,2604022.53
高級中等學校,101303,私立同濟高中,嘉義縣,大林鎮,622,嘉義縣大林鎮中興路二段303號,(05)2652248,http://www.tjsh.cyc.edu.tw,,,196198.71,2611346.71
高級中等學校,101304,私立協同高中,嘉義縣,民雄鄉,621,嘉義縣民雄鄉建國路二段31號,(05)2213045,http://www.cmsh.cyc.edu.tw,,,192231.11,2603274.84
高級中等學校,101405,私立協志工商,嘉義縣,民雄鄉,621,嘉義縣民雄鄉東榮村建國路2段285巷11號,(05)2264264,http://www.ccivs.cyc.edu.tw,,,191929.49,2605185.73
高級中等學校,101406,私立萬能工商,嘉義縣,水上鄉,608,嘉義縣水上鄉萬能路1號,(05)2687777,http://www.wnvs.cyc.edu.tw,,,187814.359,2592181.8
高級中等學校,104319,縣立竹崎高中,嘉義縣,竹崎鄉,604,嘉義縣竹崎鄉竹崎村文化路23號,(05)2611006,http://www.ccjh.cyc.edu.tw,,,204369.97,2602091.9
高級中等學校,104326,縣立永慶高中,嘉義縣,太保市,612,嘉義縣太保市信義二路1號,(05)3627226,http://www.ycsh.cyc.edu.tw,,,177990.91,2596005.14
高級中等學校,110302,國立新豐高中,臺南市,歸仁區,711,臺南市歸仁區中正北路一段148號,(06)2304082,http://www.sfsh.tn.edu.tw,,,177766.66,2541355.25
高級中等學校,110308,國立臺南大學附中,臺南市,永康區,710,臺南市永康區中山南路948號,(06)2338501,http://www.tntcsh.tn.edu.tw,,,173664.17,2547028.25
高級中等學校,110311,國立北門高中,臺南市,佳里區,722,臺南市佳里區六安里269號,(06)7222150,http://www.bmsh.tn.edu.tw/,,,165666,2563110.009
高級中等學校,110312,國立新營高中,臺南市,新營區,730,臺南市新營區民權路101號,(06)6562274,https://w3.hysh.tn.edu.tw/,,,179636.97,2578575.55
高級中等學校,110314,國立後壁高中,臺南市,後壁區,731,臺南市後壁區嘉苳里下茄苳132號,(06)6671031,http://www.hpsh.tn.edu.tw,,偏遠,184465.2,2583829.56
高級中等學校,110315,國立善化高中,臺南市,善化區,741,臺南市善化區大成路195號,(06)5837312,http://www.shsh.tn.edu.tw,,,178409.1,2558804.5
高級中等學校,110317,國立新化高中,臺南市,新化區,712,臺南市新化區忠孝路2號,(06)5982065,http://www.hhsh.tn.edu.tw,,,179312.12,2548798.25
高級中等學校,110328,國立南科國際實驗高中,臺南市,新市區,744,臺南市新市區三舍里大順6路12巷6號,(06)5052916,http://www.nnkieh.tn.edu.tw,,,177386.22,2556205.57
高級中等學校,110401,國立新化高工,臺南市,新化區,712,臺南市新化區東榮里信義路54號,(06)5903994,http://www.hhvs.tn.edu.tw,,,180254.18,2548651.25
高級中等學校,110403,國立白河商工,臺南市,白河區,732,臺南市白河區永安里新興路528號,(06)6852054,http://www.phvs.tn.edu.tw,,,190332,2583494.67
高級中等學校,110404,國立北門農工,臺南市,佳里區,722,臺南市佳里區六安里117號,(06)7260148,http://www.pmai.tn.edu.tw,,,166372.9,2564384.96
高級中等學校,110405,國立曾文家商,臺南市,麻豆區,721,臺南市麻豆區和平路9號,(06)5722079,http://www.twvs.tn.edu.tw,,,172816.48,2564235.64
高級中等學校,110406,國立新營高工,臺南市,新營區,730,臺南市新營區中正路68號,(06)6322377,http://www.hyivs.tn.edu.tw/default.asp,,,180125.31,2579149.11
高級中等學校,110407,國立玉井工商,臺南市,玉井區,714,臺南市玉井區中正路18號,(06)5741101,http://www.ycvs.tn.edu.tw,,,194609.4,2557757.24
高級中等學校,110409,國立臺南高工,臺南市,永康區,710,臺南市永康區中山南路193號,(06)2322131,http://www.ptivs.tn.edu.tw,,,171436.91,2546098.75
高級中等學校,110410,國立曾文農工,臺南市,麻豆區,721,臺南市麻豆區南勢里南勢1號,(06)5721137,http://www.twivs.tn.edu.tw,,,174512.96,2565232.39
高級中等學校,111313,私立南光高中,臺南市,新營區,730,臺南市新營區中興路62號,(06)6335408,http://www.nkhs.tn.edu.tw,,,179957.77,2577487.589
高級中等學校,111318,私立鳳和高中,臺南市,柳營區,736,臺南市柳營區中山東路二段1330號,(06)6223208,,,,181049.6,2575405.21
高級中等學校,111320,私立港明高中,臺南市,西港區,723,臺南市西港區慶安路229號,(06)7952025,http://www.kmsh.tn.edu.tw,,,167622.9,2557703.91
高級中等學校,111321,臺南市興國高中,臺南市,新營區,730,臺南市新營區大同路86號,(06)6352201,http://www.hkhs.tn.edu.tw/,,,180701.073,2579072.358
高級中等學校,111322,私立明達高中,臺南市,鹽水區,737,臺南市鹽水區橋南里忠孝路73號,(06)6521178,http://www.mdsh.tn.edu.tw,,,175815,2578800.009
高級中等學校,111323,私立黎明高中,臺南市,麻豆區,721,臺南市麻豆區井東里磚子井141號,(06)5717123,http://www.lmsh.tn.edu.tw,,,172994.96,2563642.46
高級中等學校,111326,私立新榮高中,臺南市,柳營區,736,臺南市柳營區光福里132之12號,(06)6222222,http://www.srsh.tn.edu.tw,,,180038,2574190.009
高級中等學校,111419,私立陽明工商,臺南市,官田區,720,臺南市官田區官田里423號,(06)6901190,http://www.ymvs.tn.edu.tw,,,181274,2565680.009
高級中等學校,111427,私立育德工家,臺南市,新營區,730,臺南市新營區健康路211號,(06)6563275,http://www.ytvs.tn.edu.tw,,,179626.97,2579471.53
高級中等學校,114306,市立大灣高中,臺南市,永康區,710,臺南市永康區文賢街68巷1號,(06)2714223,http://www.dwhs.tn.edu.tw/,,,175440.01,2545169.08
高級中等學校,114307,市立永仁高中,臺南市,永康區,710,臺南市永康區忠孝路74號,(06)3115538,http://web.yrhs.tn.edu.tw/bin/home.php,,,172108.65,2544852.25
高級中等學校,120303,國立鳳山高中,高雄市,鳳山區,830,高雄市鳳山區光復路二段130號,(07)7463150,http://www.fssh.khc.edu.tw,,,182746.044,2503448.786
高級中等學校,120304,國立岡山高中,高雄市,岡山區,820,高雄市岡山區公園路52號,(07)6212033,http://www.kssh.khc.edu.tw,,,177124,2522025.79
高級中等學校,120311,國立旗美高中,高雄市,旗山區,842,高雄市旗山區東平里樹人路21號,(07)6612502,http://www.cmsh.khc.edu.tw,,,198122.846,2531578.314
高級中等學校,120319,國立鳳新高中,高雄市,鳳山區,830,高雄市鳳山區新富路257號,(07)7658288,http://www.fhsh.khc.edu.tw,,,182477.41,2501625.88
高級中等學校,120401,國立旗山農工,高雄市,旗山區,842,高雄市旗山區旗甲路一段195號,(07)6612501,http://www.csvs.khc.edu.tw,,,196932.983,2533475.525
高級中等學校,120402,國立岡山農工,高雄市,岡山區,820,高雄市岡山區壽天里岡山路533號,(07)6217129,http://www.ksvs.khc.edu.tw,,,177054.91,2522596.49
高級中等學校,120409,國立鳳山商工,高雄市,鳳山區,830,高雄市鳳山區文衡路51號,(07)7462602,http://www.fsvs.ks.edu.tw,,,183969.804,2503929.801
高級中等學校,121306,財團法人新光高中,高雄市,大寮區,831,高雄市大寮區鳳屏一路217號,(07)7019888,http://210.60.76.7/xoops/?if=end,,,187306.23,2504030.23
高級中等學校,121307,財團法人普門中學,高雄市,大樹區,840,高雄市大樹區大坑路140-11號,(07)6562676,http://www.pmsh.khc.edu.tw,,,193032.25,2512908.63
高級中等學校,121318,私立正義高中,高雄市,鳳山區,830,高雄市鳳山區南江街183號,(07)7225529,http://www.cysh.khc.edu.tw,,,182119.14,2500435.39
高級中等學校,121320,私立義大國際高中,高雄市,大樹區,840,高雄市大樹區學城路1段6號,(07)6577115 ,https://www.iis.kh.edu.tw/tw,,,188873.81,2514329.71
高級中等學校,121405,私立中山工商,高雄市,大寮區,831,高雄市大寮區會社里正氣路79號,(07)7815311,http://www.csic.khc.edu.tw,,,187546.86,2500103.31
高級中等學校,121410,私立旗美商工,高雄市,美濃區,843,高雄市美濃區中興路二段275號,(07)6812152,http://cm.cmvsedu.tw/,,,200753.09,2531593.69
高級中等學校,121413,私立高英工商,高雄市,大寮區,831,高雄市大寮區鳳林三路19巷44號,(07)7832991,http://www.kyicvs.khc.edu.tw,,,188350.7,2499490.52
高級中等學校,121415,私立華德工家,高雄市,茄萣區,852,高雄市茄萣區濱海路四段66號,(07)6921212,http://www.hdvs.kh.edu.tw/,,,166004.755,2534306.566
高級中等學校,121417,私立高苑工商,高雄市,橋頭區,825,高雄市橋頭區東林里芋寮路1號,(07)6111101,http://www.kyvs.ks.edu.tw,,,177285.43,2517666.94
高級中等學校,124302,市立文山高中,高雄市,鳥松區,833,高雄市鳥松區大埤路31號,(07)7777272,http://www.wsm.kh.edu.tw/,,,183480.94,2505471.75
高級中等學校,124311,市立林園高中,高雄市,林園區,832,高雄市林園區林園北路481號,(07)6412059,http://www.ly.kh.edu.tw/,,,187751.129,2490566.638
高級中等學校,124313,市立仁武高中,高雄市,仁武區,814,高雄市仁武區仁林路20號,(07)3721640,http://www.rwm.kh.edu.tw/,,,183869.63,2511479.14
高級中等學校,124322,市立路竹高中,高雄市,路竹區,821,高雄市路竹區中華路292號,(07)6963008,http://school.kh.edu.tw/index.php?WebID=312,,,173259.4,2528464.11
高級中等學校,124333,市立六龜高中,高雄市,六龜區,844,高雄市六龜區義寶里光復路212號,(07)6891023,http://www.lgm.kh.edu.tw/,,極偏,212589.692,2543574.435
高級中等學校,124340,市立福誠高中,高雄市,鳳山區,830,高雄市鳳山區五甲三路176號,(07)8224646,http://school.kh.edu.tw/index.php?WebID=76,,,180481.42,2499095.28
高級中等學校,130302,國立屏東女中,屏東縣,屏東市,900,屏東縣屏東市仁愛路94號,(08)7362204,http://www.ptgsh.ptc.edu.tw,,,198026.33,2508413.89
高級中等學校,130305,國立屏東高中,屏東縣,屏東市,900,屏東縣屏東市忠孝路231號,(08)7667053,http://www.pths.ptc.edu.tw,,,197476.8,2509618.23
高級中等學校,130306,國立潮州高中,屏東縣,潮州鎮,920,屏東縣潮州鎮中山路11號,(08)7882017,http://www.ccsh.ptc.edu.tw,,,203169.18,2494471.09
高級中等學校,130322,國立屏北高中,屏東縣,鹽埔鄉,907,屏東縣鹽埔鄉彭厝村莒光路168號,(08)7937493,http://www.ppsh.ptc.edu.tw,,,203272.9,2517739.17
高級中等學校,130401,國立內埔農工,屏東縣,內埔鄉,912,屏東縣內埔鄉水門村成功路83號,(08)7991103,http://www.npvs.ptc.edu.tw,,,213252.76,2512101.7
高級中等學校,130403,國立屏東高工,屏東縣,屏東市,900,屏東縣屏東市建國路25號,(08)7523781,http://www.ptivs.ptc.edu.tw,,,197203.73,2507073.77
高級中等學校,130404,國立佳冬高農,屏東縣,佳冬鄉,931,屏東縣佳冬鄉佳冬村佳農街67號,(08)8662726,http://www.ctvs.ptc.edu.tw,,偏遠,205118.53,2479422.16
高級中等學校,130410,國立東港海事,屏東縣,東港鎮,928,屏東縣東港鎮豐漁街66號,(08)8333131,http://www.tkms.ptc.edu.tw,,,192589.68,2485185.07
高級中等學校,130417,國立恆春工商,屏東縣,恆春鎮,946,屏東縣恆春鎮恆南路38號,(08)8892010,http://www.hcvs.ptc.edu.tw,,特偏,224127,2432890.008
高級中等學校,131302,屏東縣崇華高中,屏東縣,長治鄉,908,屏東縣長治鄉新興路38號,(08)7626365,http://web.chbes.ptc.edu.tw/,,,203434.92,2509137.18
高級中等學校,131307,財團法人屏榮高中,屏東縣,屏東市,900,屏東縣屏東市豐田里民學路100號,(08)7223409,http://www.prhs.ptc.edu.tw,,,198907.21,2508234.39
高級中等學校,131308,私立陸興高中,屏東縣,屏東市,900,屏東縣屏東市豐田里廣東路150號,(08)7225837,http://www.lssh.ptc.edu.tw,,,198649.45,2508338.79
高級中等學校,131311,私立美和高中,屏東縣,內埔鄉,912,屏東縣內埔鄉美和村學人路323號,(08)7792045,http://www.mhsh.ptc.edu.tw,,,204676.9,2500179.2
高級中等學校,131409,私立民生家商,屏東縣,屏東市,900,屏東縣屏東市民生東路12號,(08)7223029,http://www.msvs.ptc.edu.tw,,,200008.068,2506585.919
高級中等學校,131418,私立日新工商,屏東縣,潮州鎮,920,屏東縣潮州鎮太平路224號,(08)7882343,http://www.jhvs.ptc.edu.tw,,,202310.01,2495305.92
高級中等學校,134304,縣立大同高中,屏東縣,屏東市,900,屏東縣屏東市和平路429號,(08)7663916,http://www.dtjh.ptc.edu.tw,,,196329.28,2508727.53
高級中等學校,134321,縣立枋寮高中,屏東縣,枋寮鄉,940,屏東縣枋寮鄉新龍村義民路3號,(08)8782095,http://www.flhs.ptc.edu.tw,,偏遠,207855.43,2474702.3
高級中等學校,134324,縣立東港高中,屏東縣,東港鎮,928,屏東縣東港鎮船頭路1號,(08)8322014,http://www.dghs.ptc.edu.tw/,,,193959.02,2485166.33
高級中等學校,134334,縣立來義高中,屏東縣,來義鄉,922,屏東縣來義鄉古樓村中正路147號,(08)7850086,http://www.lyhs.ptc.edu.tw,,偏遠,211868.78,2491801.06
高級中等學校,140301,國立臺東大學附屬體育高中,臺東縣,臺東市,950,臺東縣臺東市體中路1號,(089)383629,http://www.ntpehs.ttct.edu.tw,,,257725.69,2518206.16
高級中等學校,140302,國立臺東女中,臺東縣,臺東市,950,臺東縣臺東市四維路一段690號,(08)9321268,http://www.tgsh.ttct.edu.tw,,,265768.549,2517815.51
高級中等學校,140303,國立臺東高中,臺東縣,臺東市,950,臺東縣臺東市中華路一段721號,(08)9322070,https://www.pttsh.ttct.edu.tw,,,265067.005,2516360.239
高級中等學校,140404,國立關山工商,臺東縣,關山鎮,956,臺東縣關山鎮民權路58號,(089)811006,http://www.ksvs.ttct.edu.tw,,偏遠,266307.593,2549603.175
高級中等學校,140405,國立臺東高商,臺東縣,臺東市,950,臺東縣臺東市正氣路440號,(089)350575,http://www.tscvs.ttct.edu.tw,,,264872.239,2517451.575
高級中等學校,140408,國立成功商水,臺東縣,成功鎮,961,臺東縣成功鎮太平路52號,(089)850011,https://www.ckvs.ttct.edu.tw/index.php?route=common/home,,特偏,289128.036,2555904.226
高級中等學校,141301,臺東縣均一高中,臺東縣,臺東市,950,臺東縣臺東市中興路二段366巷36號,(089)223301,http://junyi.tw,,,262972.701,2518807.715
高級中等學校,141307,私立育仁高中,臺東縣,臺東市,950,臺東縣臺東市中興路四段485號,(08)9382839,http://www.lotus.ttct.edu.tw,,,259546.084,2519279.001
高級中等學校,141406,私立公東高工,臺東縣,臺東市,950,臺東縣臺東市中興路一段560號,(089)222877,http://www.ktus.ttct.edu.tw,,,263772.614,2518640.027
高級中等學校,144322,縣立蘭嶼高中,臺東縣,蘭嶼鄉,952,臺東縣蘭嶼鄉椰油村37號,(089)732016,http://www.layjh.ttct.edu.tw,,特偏,302859.599,2439032.125
高級中等學校,150302,國立花蓮女中,花蓮縣,花蓮市,970,花蓮縣花蓮市菁華街2號,(03)8321202,http://www.hlgs.hlc.edu.tw,,,312605.264,2652883.708
高級中等學校,150303,國立花蓮高中,花蓮縣,花蓮市,970,花蓮縣花蓮市民權路42號,(03)8242236,http://www.hlhs.hlc.edu.tw,,,313691.266,2653693.968
高級中等學校,150309,國立玉里高中,花蓮縣,玉里鎮,981,花蓮縣玉里鎮中華路424號,(03)8886171,http://www.ylsh.hlc.edu.tw,,偏遠,282627.354,2582746.207
高級中等學校,150401,國立花蓮高農,花蓮縣,花蓮市,970,花蓮縣花蓮市建國路161號,(03)8312301,http://www.hla.hlc.edu.tw,,,310947.918,2653334.398
高級中等學校,150404,國立花蓮高工,花蓮縣,花蓮市,970,花蓮縣花蓮市府前路27號,(03)8226108,http://www.hlis.hlc.edu.tw,,,313073.196,2655019.921
高級中等學校,150405,國立花蓮高商,花蓮縣,花蓮市,970,花蓮縣花蓮市中山路418號,(03)8322532,http://www.hlbh.hlc.edu.tw,,,311304.406,2653661.655
高級中等學校,150411,國立光復商工,花蓮縣,光復鄉,976,花蓮縣光復鄉林森路100號,(03)8700245,http://www.kfcivs.hlc.edu.tw,,偏遠,293572.492,2618248.849
高級中等學校,151306,私立海星高中,花蓮縣,新城鄉,971,花蓮縣新城鄉嘉新村嘉新路36號,(03)8223116,http://www.smhs.hlc.edu.tw,,,312427.081,2655975.701
高級中等學校,151307,私立四維高中,花蓮縣,花蓮市,970,花蓮縣花蓮市中山路一段200號,(03)8561455,http://www.swsh.hlc.edu.tw,,,310186.527,2655194.917
高級中等學校,151312,財團法人慈濟大學附中,花蓮縣,花蓮市,970,花蓮縣花蓮市介仁街178號,(03)8572823,http://www.tcsh.hlc.edu.tw,,,308421.167,2655132.162
高級中等學校,151410,花蓮縣上騰工商,花蓮縣,吉安鄉,973,花蓮縣吉安鄉吉安村吉興四街101號,(03)8538565,http://www.chvs.hlc.edu.tw,,,306850.787,2652046.687
高級中等學校,154301,花蓮縣立體育高中,花蓮縣,花蓮市,970,花蓮縣花蓮市達固湖灣大路21號,(03)8462610,http://www.hpehs.hlc.edu.tw,,,309445.303,2655476.109
高級中等學校,154399,縣立南平中學,花蓮縣,鳳林鎮,975,花蓮縣鳳林鎮八德路62號,(03)8772586,http://www.nphs.hlc.edu.tw,,偏遠,296572.94,2631116.099
高級中等學校,160302,國立馬公高中,澎湖縣,馬公市,880,澎湖縣馬公市中華路369號,(06)9272867,http://www.mksh.phc.edu.tw,,偏遠,105089.043,2608284.421
高級中等學校,160401,國立澎湖海事水產,澎湖縣,馬公市,880,澎湖縣馬公市中興里民族路63號,(06)9261101,http://www.phmhs.phc.edu.tw,,偏遠,103502.496,2608186.946
高級中等學校,170301,國立基隆女中,基隆市,信義區,201,基隆市信義區東信路324號,(02)24278274     ,http://www.klgsh.kl.edu.tw,,,326582.821,2780319.312
高級中等學校,170302,國立基隆高中,基隆市,暖暖區,205,基隆市暖暖區源遠路20號,(02)24582051,http://www.klsh.kl.edu.tw,,,323917.396,2777905.479
高級中等學校,170403,國立海洋大學附屬基隆海事,基隆市,中正區,202,基隆市中正區祥豐街246號,(02)24633655,http://www.klms.ntou.edu.tw/,,,327780.819,2782396.236
高級中等學校,170404,國立基隆商工,基隆市,七堵區,206,基隆市七堵區東新街22號,(02)24567126,http://www.klcivs.kl.edu.tw,,,322348.138,2776477.306
高級中等學校,171306,私立二信高中,基隆市,中正區,202,基隆市中正區立德路243號,(02)24623131,http://www.essh.kl.edu.tw/essh/index.asp,,,327624.479,2781927.167
高級中等學校,171308,輔大聖心高中,基隆市,中山區,203,基隆市中山區西定路166號,(02)24282454,http://www.shsh.kl.edu.tw,,,323962.958,2780995.871
高級中等學校,171405,私立光隆家商,基隆市,信義區,201,基隆市信義區信二路264號,(02)24222237,http://www.klhcvs.kl.edu.tw,,,325570.331,2780382.031
高級中等學校,171407,私立培德工家,基隆市,信義區,201,基隆市信義區培德路73號,(02)24652121,http://www.ptvs.kl.edu.tw,,,327791.273,2780371.64
高級中等學校,173304,市立中山高中,基隆市,中山區,203,基隆市中山區文化路162號,(02)24248191,http://www.csjh.kl.edu.tw,,,323661.78,2783052.475
高級中等學校,173306,市立安樂高中,基隆市,安樂區,204,基隆市安樂區安一路360號,(02)24236600,http://www.aljh.kl.edu.tw,,,323648.22,2780928.19
高級中等學校,173307,市立暖暖高中,基隆市,暖暖區,205,基隆市暖暖區暖中路112號,(02)24575534,http://www.nnjh.kl.edu.tw,,,324389.907,2777935.348
高級中等學校,173314,市立八斗高中,基隆市,中正區,202,基隆市中正區新豐街100號,(02)24692366,http://www.bdjh.kl.edu.tw,,,329502.464,2781523.307
高級中等學校,180301,國立竹科實驗高級中等學校,新竹市,東區,300,新竹市東區介壽路300號,(03)5777011,http://www.nehs.hc.edu.tw,,,251637.38,2741122.03
高級中等學校,180302,國立新竹女中,新竹市,東區,300,新竹市東區中華路二段270號,(03)5456611,http://www.hgsh.hc.edu.tw,,,247550.97,2744185.42
高級中等學校,180309,國立新竹高中,新竹市,東區,300,新竹市東區學府路36號,(03)5736666  ,http://www.hchs.hc.edu.tw,,,247996.17,2743088.68
高級中等學校,180403,國立新竹高商,新竹市,東區,300,新竹市東區學府路128號,(03)5722150,http://www.hccvs.hc.edu.tw,,,248454.39,2743277.34
高級中等學校,180404,國立新竹高工,新竹市,東區,300,新竹市東區中華路二段2號,(03)5322175,https://www.hcvs.hc.edu.tw/,,,248286.07,2744670.06
高級中等學校,181305,私立光復高中,新竹市,東區,300,新竹市東區光復路二段153號,(03)5753698,http://www.kfsh.hc.edu.tw,,,249296.3,2743486.4
高級中等學校,181306,私立曙光女中,新竹市,東區,300,新竹市東區北大路61號,(03)5325709,http://www.sggs.hc.edu.tw,,,247242,2744950.01
高級中等學校,181307,私立磐石高中,新竹市,北區,300,新竹市北區西大路683號,(03)5223946,http://www.sphs.hc.edu.tw,,,245649.19,2744833.48
高級中等學校,181308,私立世界高中,新竹市,東區,300,新竹市東區光復路一段257號,(03)5783271,http://www.wvs.hc.edu.tw,,,252031.61,2741638.04
高級中等學校,183306,市立成德高中,新竹市,北區,300,新竹市北區崧嶺路128巷38號,(03)5258748,http://www.cdjh.hc.edu.tw,,,245268.57,2742623.86
高級中等學校,183307,市立香山高中,新竹市,香山區,300,新竹市香山區元培街124號,(03)5384332,http://www.hhjh.hc.edu.tw,,,242959.93,2741969.6
高級中等學校,183313,市立建功高中,新竹市,東區,300,新竹市東區建功二路17號,(03)5745892,https://www.cksh.hc.edu.tw/,,,250220.49,2743393.81
高級中等學校,190406,國立興大附農,臺中市,東區,401,臺中市東區台中路283號,(04)22810010,http://www.tcavs.tc.edu.tw,,,218048.58,2669078.265
高級中等學校,191301,私立東大附中,臺中市,西屯區,407,臺中市西屯區臺灣大道四段1727號,(04)23590269,http://www.hn.thu.edu.tw,,,210154.82,2675271.104
高級中等學校,191302,私立葳格高中,臺中市,北屯區,406,臺中市北屯區軍福十八路328號,(04)24371728,https://senior.wagor.tc.edu.tw/,,,220710.354,2674817.307
高級中等學校,191305,私立新民高中,臺中市,北區,404,臺中市北區健行路111號,(04)22334105,http://www.shinmin.tc.edu.tw,,,218172.715,2672495.21
高級中等學校,191308,私立宜寧高中,臺中市,西屯區,407,臺中市西屯區東大路一段555號,(04)24621800,http://www.inhs.tc.edu.tw,,,209998.084,2676565.435
高級中等學校,191309,私立明德高中,臺中市,南區,402,臺中市南區明德街84號,(04)22877676,http://www.mdhs.tc.edu.tw,,,217871.224,2668413.863
高級中等學校,191311,私立衛道高中,臺中市,北屯區,406,臺中市北屯區四平路161號,(04)22911187,http://www.vtsh.tc.edu.tw,,,216936.138,2675431.765
高級中等學校,191313,私立曉明女中,臺中市,北區,404,臺中市北區中清路一段606號,(04)22921175,http://www.smgsh.tc.edu.tw,,,216795.227,2673675.59
高級中等學校,191314,私立嶺東高中,臺中市,南屯區,408,臺中市南屯區春社里嶺東路2號,(04)23898940,http://www.lths.tc.edu.tw,,,210390.29,2670282.365
高級中等學校,191315,私立磊川華德福實驗教育學校,臺中市,北屯區,406,臺中市北屯區松竹五路233號及366號,(04)24350110,http://www.leichuan.tc.edu.tw/,,,220842.334,2675024.468
高級中等學校,191412,財團法人光華高工,臺中市,太平區,411,臺中市太平區東平路18號,(04)23949009,http://www.khvs.tc.edu.tw,,,223265.388,2670290.442
高級中等學校,193301,市立臺中女中,臺中市,西區,403,臺中市西區自由路一段95號,(04)22205108,http://itcgs.tcgs.tc.edu.tw/,,,217210.098,2670110.958
高級中等學校,193302,市立臺中一中,臺中市,北區,404,臺中市北區育才街2號,(04)22226081,http://www.tcfsh.tc.edu.tw/,,,218190.345,2671578.953
高級中等學校,193303,市立忠明高中,臺中市,西區,403,臺中市西區博館路166號,(04)23224690,http://www3.cmsh.tc.edu.tw,,,215828.187,2672546.805
高級中等學校,193313,市立西苑高中,臺中市,西屯區,407,臺中市西屯區西苑路268號,(04)27016473,http://www.sysh.tc.edu.tw,,,213614.263,2675727.511
高級中等學校,193315,市立東山高中,臺中市,北屯區,406,臺中市北屯區景賢六路200號,(04)24360166,http://www.tsjh.tc.edu.tw,,,220752.533,2673499.081
高級中等學校,193316,市立惠文高中,臺中市,南屯區,408,臺中市南屯區公益路二段298號,(04)22503928,http://www.hwsh.tc.edu.tw,,,213400.442,2671894.668
高級中等學校,193404,市立臺中家商,臺中市,東區,401,臺中市東區和平街50號,(04)22223307,http://www.tchcvs.tc.edu.tw/,,,217944.744,2669845.169
高級中等學校,193407,市立臺中高工,臺中市,南區,402,臺中市南區高工路191號,(04)22613158,http://www.tcivs.tc.edu.tw/ischool/publish_page/0/,,,215588.716,2667738.47
高級中等學校,194303,市立臺中二中,臺中市,北區,404,臺中市北區英士路109號,(04)22021521,http://www.tcssh.tc.edu.tw,,,216993.469,2672026.361
高級中等學校,194315,市立文華高中,臺中市,西屯區,407,臺中市西屯區寧夏路240號,(04)23124000,http://www.whsh.tc.edu.tw,,,215464.688,2673911.51
高級中等學校,200302,國立嘉義女中,嘉義市,西區,600,嘉義市西區垂楊路243號,(05)2254603,http://www.cygsh.cy.edu.tw,,,193849.982,2596835.106
高級中等學校,200303,國立嘉義高中,嘉義市,東區,600,嘉義市東區大雅路二段738號,(05)2762804,http://www.cysh.cy.edu.tw,,,195326.479,2597202.746
高級中等學校,200401,國立華南高商,嘉義市,東區,600,嘉義市東區光彩街69號,(05)2787140,https://www.hnvs.cy.edu.tw/,,,194739.961,2597431.967
高級中等學校,200405,國立嘉義高工,嘉義市,東區,600,嘉義市東區彌陀路174號,(05)2763060,http://www.cyivs.cy.edu.tw,,,195258.079,2596665.89
高級中等學校,200406,國立嘉義高商,嘉義市,東區,600,嘉義市東區中山路7號,(05)2782421,http://www.cyvs.cy.edu.tw,,,195129.55,2597810.361
高級中等學校,200407,國立嘉義家職,嘉義市,東區,600,嘉義市東區市宅街57號,(05)2259640,http://www.cyhvs.cy.edu.tw,,,194683.482,2596810.903
高級中等學校,201304,私立興華高中,嘉義市,東區,600,嘉義市東區林森東路239號,(05)2764317,http://www.hhsh.cy.edu.tw,,,195335.722,2598588.127
高級中等學校,201309,私立仁義高中,嘉義市,東區,600,嘉義市東區鹿寮里紅毛埤125之1號,(05)2765555,http://www.zysh.cy.edu.tw,,,197554.703,2595274.259
高級中等學校,201310,私立嘉華高中,嘉義市,東區,600,嘉義市東區民權東路45號,(05)2761716,http://www.chsh.cy.edu.tw,,,196606.882,2597882.437
高級中等學校,201312,私立輔仁高中,嘉義市,東區,600,嘉義市東區吳鳳南路270號,(05)2281001,http://www.fjsh.cy.edu.tw,,,194530.038,2595401.704
高級中等學校,201313,私立宏仁女中,嘉義市,東區,600,嘉義市東區忠孝路667號,(05)2322802,http://www.hjgs.cy.edu.tw,,,193370.482,2600409.565
高級中等學校,201314,私立立仁高中,嘉義市,東區,600,嘉義市東區立仁路235號,(05)2226420,http://www.ligvs.cy.edu.tw,,,194759.893,2595668.84
高級中等學校,201408,私立東吳工家,嘉義市,東區,600,嘉義市東區宣信街252號,(05)2246161,http://www.dwvs.cy.edu.tw,,,194871.582,2596301.879
高級中等學校,210303,國立臺南二中,臺南市,北區,704,臺南市北區北門路二段125號,(06)2514526,http://www.tnssh.tn.edu.tw,,,169274.5,2544985.73
高級中等學校,210305,國立臺南一中,臺南市,東區,701,臺南市東區民族路一段1號,(06)2371206,http://www.tnfsh.tn.edu.tw,,,169587.5,2543852.88
高級中等學校,210306,國立臺南女中,臺南市,中西區,700,臺南市中西區大埔街97號,(06)2131928,http://www.tngs.tn.edu.tw,,,168792.71,2542993.5
高級中等學校,210309,國立家齊高中,臺南市,中西區,700,臺南市中西區健康路一段342號,(06)2133265 ,https://www.ccsh.tn.edu.tw/,,,168062.733,2542504.844
高級中等學校,210408,國立臺南高商,臺南市,南區,702,臺南市南區健康路一段327號,(06)2617123,http://www.tncvs.tn.edu.tw,,,168210.22,2542409.58
高級中等學校,210416,國立臺南海事,臺南市,安平區,708,臺南市安平區世平路1號,(06)3910772,http://www.tnvs.tn.edu.tw,,,162964.03,2543917.64
高級中等學校,211301,私立長榮高中,臺南市,東區,701,臺南市東區林森路二段79號,(06)2381711,http://www.cjshs.tn.edu.tw,,,170347.24,2543208.02
高級中等學校,211302,私立長榮女中,臺南市,東區,701,臺南市東區長榮路二段135號,(06)2740381,http://www.ckgsh.tn.edu.tw,,,170137.07,2543506.63
高級中等學校,211304,財團法人聖功女中,臺南市,北區,704,臺南市北區北園街87巷64號,(06)2740126,http://www.skgsh.tn.edu.tw,,,170180.05,2546133.1
高級中等學校,211310,臺南市光華高中,臺南市,東區,701,臺南市東區勝利路41號,(06)2386501,http://www.khgs.tn.edu.tw,,,169733,2543248.03
高級中等學校,211314,私立六信高中,臺南市,南區,702,臺南市南區新都路20號,(06)2619885,http://www.lhvs.tn.edu.tw,,,168222.39,2541613.71
高級中等學校,211315,私立瀛海高中,臺南市,安南區,709,臺南市安南區長溪路一段76號,(06)2568582,http://www.yhsh.tn.edu.tw,,,169180.41,2548418.24
高級中等學校,211317,私立崑山高中,臺南市,北區,704,臺南市北區開元路444號,(06)2364408,http://www.kssh.tn.edu.tw/bin/home.php,,,170824,2545680.009
高級中等學校,211318,私立德光高中,臺南市,東區,701,臺南市東區德光街106號,(06)2894560,http://www.tkgsh.tn.edu.tw,,,170188.78,2542258.6
高級中等學校,211320,財團法人慈濟高中,臺南市,安平區,708,臺南市安平區建平五街111號,(06)2932323,http://www.tcsh.tn.edu.tw,,,165867.66,2543137.11
高級中等學校,211407,私立南英商工,臺南市,中西區,700,臺南市中西區永福路一段149號,(06)2132222,http://www.nyvs.tn.edu.tw,,,167971.58,2542944.49
高級中等學校,211412,私立亞洲餐旅,臺南市,南區,702,臺南市南區大成路一段5號,(06)2640175,http://www.asvs.tn.edu.tw,,,168249.11,2541715.71
高級中等學校,211419,私立慈幼工商,臺南市,東區,701,臺南市東區裕農路801號,(06)2362106,http://www.ssvs.tn.edu.tw,,,172088.51,2543319.09
高級中等學校,213303,市立南寧高中,臺南市,南區,702,臺南市南區萬年路167號,(06)2622458,http://www.nnjh.tn.edu.tw,,,166565.04,2537353.94
高級中等學校,213316,市立土城高中,臺南市,安南區,709,臺南市安南區安中路五段265號,(06)2577014,http://www.tcjh.tn.edu.tw,,,162801.24,2550860.32
高級中等學校,311401,臺北市普林思頓高中,臺北市,松山區,105,臺北市松山區美仁里寧安街12號,(02)25706767,http://www.yudah.tp.edu.tw,,,305934.047,2771390.315
高級中等學校,313301,市立西松高中,臺北市,松山區,105,臺北市松山區鵬程里健康路325巷7號,(02)25286618,http://www.hssh.tp.edu.tw,,,307217.76,2772052.672
高級中等學校,313302,市立中崙高中,臺北市,松山區,105,臺北市松山區八德路四段101號,(02)27535316,http://www.zlsh.tp.edu.tw/,,,306612.556,2771289.569
高級中等學校,321399,臺北市私立協和祐德高級中學,臺北市,信義區,110,臺北市信義區忠孝東路5段790巷27號,(02)27263131,http://www.hhvs.tp.edu.tw/,,,308876.908,2770625.499
高級中等學校,323301,市立松山高中,臺北市,信義區,110,臺北市信義區基隆路一段156號,(02)27535968,http://www.sssh.tp.edu.tw,,,307094.687,2770756.941
高級中等學校,323302,市立永春高中,臺北市,信義區,110,臺北市信義區松隆里松山路654號,(02)27272983,http://www.ycsh.tp.edu.tw,,,308395.327,2769525.327
高級中等學校,323401,市立松山家商,臺北市,信義區,110,臺北市信義區松山路655號,(02)27261118,http://www.ssvs.tp.edu.tw,,,308545.875,2769760.801
高級中等學校,323402,市立松山工農,臺北市,信義區,110,臺北市信義區忠孝東路5段236巷15號,(02)27226616,http://www.saihs.edu.tw,,,307723.81,2770313.675
高級中等學校,330301,國立師大附中,臺北市,大安區,106,臺北市大安區和安里信義路3段143號,(02)27075215,http://www.hs.ntnu.edu.tw,,,304533.257,2769616.306
高級中等學校,331301,私立延平中學,臺北市,大安區,106,臺北市大安區和安里建國南路1段275號,(02)27071478,http://www.yphs.tp.edu.tw,,,304326.22,2769910.43
高級中等學校,331302,私立金甌女中,臺北市,大安區,106,臺北市大安區光明里杭州南路2段1號,(02)23214765,http://www.cogsh.tp.edu.tw,,,302902.219,2769748.879
高級中等學校,331304,私立復興實驗高中,臺北市,大安區,106,臺北市大安區敦化南路1段262 號,(02)27715859,http://www.fhjh.tp.edu.tw,,,305342.451,2770245.748
高級中等學校,331402,私立東方工商,臺北市,大安區,106,臺北市大安區信義路四段186巷8號,(02)27554616,http://www.tfvs.tp.edu.tw,,,305653.611,2769451.324
高級中等學校,331403,私立喬治工商,臺北市,大安區,106,臺北市大安區基隆路2段172號,(02)27386515,http://www.gvs.tp.edu.tw,,,305987.199,2768833.713
高級中等學校,331404,私立開平餐飲,臺北市,大安區,106,臺北市大安區復興南路2段148巷24號,(02)27556939,http://www.kpvs.tp.edu.tw,,,304737.705,2769047.484
高級中等學校,333301,市立和平高中,臺北市,大安區,106,臺北市大安區芳和里臥龍街100號,(02)27324300,http://www.hpsh.tp.edu.tw,,,305422.524,2768065.129
高級中等學校,333401,市立大安高工,臺北市,大安區,106,臺北市大安區龍圖里復興南路2段52號,(02)27091630,http://www.taivs.tp.edu.tw,,,304827.366,2769428.868
高級中等學校,341302,私立大同高中,臺北市,中山區,104,臺北市中山區聚英里中山北路3段40號,(02)25925252,http://www.tsh.ttu.edu.tw,,,302683.752,2773282.652
高級中等學校,341402,私立稻江護家,臺北市,中山區,104,臺北市中山區新生北路三段55號,(02)25955161,http://www.tcnvs.tp.edu.tw,,,303327.333,2773122.753
高級中等學校,343301,市立中山女中,臺北市,中山區,104,臺北市中山區力行里長安東路2段141號,(02)25073148,http://www.csghs.tp.edu.tw,,,304200.258,2771260.598
高級中等學校,343302,市立大同高中,臺北市,中山區,104,臺北市中山區中央里長春路167號,(02)25054269,http://www.ttsh.tp.edu.tw,,,303990.285,2771974.737
高級中等學校,343303,市立大直高中,臺北市,中山區,104,臺北市中山區劍潭里北安路420號,(02)25334017,http://www.dcsh.tp.edu.tw,,,304760.53,2774685.607
高級中等學校,351301,私立強恕中學,臺北市,中正區,100,臺北市中正區板溪里汀州路二段143號,(02)23656574,http://www.qshs.tp.edu.tw,,,302495.669,2768632.3
高級中等學校,351402,臺北市開南高中,臺北市,中正區,100,臺北市中正區東門里濟南路1段6號,(02)23212666,http://web1.knvs.tp.edu.tw/school/gen_new/index.htm,,,302656.619,2770577.309
高級中等學校,351B09,私立南華高中進修學校,臺北市,中正區,100,臺北市中正區富水里汀州路3段58號,(02)23686818,http://www.nhwsh.tp.edu.tw,,,303622.041,2767598.058
高級中等學校,353301,市立建國中學,臺北市,中正區,100,臺北市中正區龍光里南海路56號,(02)23034381,http://www.ck.tp.edu.tw,,,301686.564,2769332.2
高級中等學校,353302,市立成功中學,臺北市,中正區,100,臺北市中正區幸福里濟南路1段71號,(02)23216256,http://www.cksh.tp.edu.tw,,,302855.81,2770575.538
高級中等學校,353303,市立北一女中,臺北市,中正區,100,臺北市中正區建國里重慶南路1段165號,(02)23820484,http://www.fg.tp.edu.tw,,,301767.971,2770151.784
高級中等學校,361301,臺北市靜修高中,臺北市,大同區,103,臺北市大同區雙連里寧夏路59號,(02)25574345,http://www.bish.tp.edu.tw,,,301997.439,2772290.923
高級中等學校,361401,私立稻江高商,臺北市,大同區,103,臺北市大同區國昌里民權西路225巷24號,(02)25912001,http://www.tkcvs.tp.edu.tw,,,301658.743,2773001.838
高級中等學校,361B09,私立志仁中學進修學校,臺北市,大同區,103,臺北市大同區建泰里南京西路64巷17號,(02)25551656,http://www.cjvs.tp.edu.tw,,,302351.8,2771655.1
高級中等學校,363301,市立明倫高中,臺北市,大同區,103,臺北市大同區保安里承德路3段336號,(02)25961567,http://www.mlsh.tp.edu.tw,,,302444.164,2774242.373
高級中等學校,363302,市立成淵高中,臺北市,大同區,103,臺北市大同區承德路二段235號,(02)25531969,http://www.cyhs.tp.edu.tw,,,302314.607,2772664.785
高級中等學校,373301,市立華江高中,臺北市,萬華區,108,臺北市萬華區日善里西藏路213號,(02)23019946,http://www.hcsh.tp.edu.tw,,,300072.103,2769028.942
高級中等學校,373302,市立大理高中,臺北市,萬華區,108,臺北市萬華區綠堤里長順街2號,(02)23026959,http://newweb.tlsh.tp.edu.tw/,,,299579.655,2769289.117
高級中等學校,380301,國立政大附中,臺北市,文山區,116,臺北市文山區政大一街353號,(02)82377500,http://www.chahs.nccu.edu.tw,,,309154.704,2764489.005
高級中等學校,381301,私立東山高中,臺北市,文山區,116,臺北市文山區老泉里老泉街26巷3號,(02)29395826,http://www.tshs.tp.edu.tw,,,306634.695,2763034.769
高級中等學校,381302,私立滬江高中,臺北市,文山區,116,臺北市文山區景美里羅斯福路6段336號,(02)86631122,http://www.hchs.tp.edu.tw,,,304428.422,2764753.909
高級中等學校,381303,私立大誠高中,臺北市,文山區,116,臺北市文山區萬興里秀明路2段175號,(02)22348989 ,http://www.tcsh.tp.edu.tw,,,308370.201,2764902.911
高級中等學校,381304,私立再興中學,臺北市,文山區,116,臺北市文山區明義里興隆路4段2號,(02)29366803,http://www.thsh.tp.edu.tw,,,306441.73,2764835.846
高級中等學校,381305,私立景文高中,臺北市,文山區,116,臺北市文山區木新里保儀路127號,(02)29390310,http://www.jwsh.tp.edu.tw,,,307280.114,2764276.822
高級中等學校,381306,臺北市靜心高中,臺北市,文山區,116,臺北市文山區興隆路二段46號,(02)29323118,http://www.chjhs.tp.edu.tw/dispPageBox/MainHp.aspx?ddsPageID=MAINHP,,,305182.127,2765773.619
高級中等學校,383301,市立景美女中,臺北市,文山區,116,臺北市文山區樟新里木新路3段312號,(02)29368847,http://www.cmgsh.tp.edu.tw,,,306153.173,2763757.396
高級中等學校,383302,市立萬芳高中,臺北市,文山區,116,臺北市文山區興隆路3段115巷1號,(02)22309585,http://www.wfsh.tp.edu.tw,,,306403.693,2765955.696
高級中等學校,383401,市立木柵高工,臺北市,文山區,116,臺北市文山區萬芳里木柵路4段77號,(02)22300506,http://www.mcvs.tp.edu.tw,,,307725.986,2765441.725
高級中等學校,393301,市立南港高中,臺北市,南港區,115,臺北市南港區西新里向陽路21號,(02)27837863,http://www.nksh.tp.edu.tw,,,310039.314,2771722.692
高級中等學校,393302,市立育成高中,臺北市,南港區,115,臺北市南港區重陽路366號,(02)26530475,http://mars.yucsh.tp.edu.tw/ischool/publish_page/0/,,,311460.967,2772415.926
高級中等學校,393401,市立南港高工,臺北市,南港區,115,臺北市南港區南港里興中路29號,(02)27825432,http://www.nkhs.tp.edu.tw,,,311262.717,2772154.802
高級中等學校,401301,私立文德女中,臺北市,內湖區,114,臺北市內湖區紫陽里成功路3段70號,(02)27904570,http://www.sfgsh.tp.edu.tw,,,309492.991,2774499.849
高級中等學校,401302,私立方濟中學,臺北市,內湖區,114,臺北市內湖區紫星里成功路三段61號,(02)27910278,http://www.sfh.tp.edu.tw,,,309536.402,2774471.732
高級中等學校,401303,私立達人女中,臺北市,內湖區,114,臺北市內湖區湖濱里內湖路2段314號,(02)27956899,https://www1.trgsh.tp.edu.tw/,,,309276.975,2774906.71
高級中等學校,403301,市立內湖高中,臺北市,內湖區,114,臺北市內湖區紫陽里文德路218號,(02)27977035,http://www.nhsh.tp.edu.tw,,,309166.56,2774589.995
高級中等學校,403302,市立麗山高中,臺北市,內湖區,114,臺北市內湖區環山路二段100號,(02)26570435,http://www.lssh.tp.edu.tw,,,308296.887,2775218.669
高級中等學校,403303,市立南湖高中,臺北市,內湖區,114,臺北市內湖區康寧路三段220號,(02)26308889,http://www.nhush.tp.edu.tw,,,311654.724,2773327.133
高級中等學校,403401,市立內湖高工,臺北市,內湖區,114,臺北市內湖區港墘里內湖路1段520號,(02)26574874,http://www.nihs.tp.edu.tw,,,308048.781,2774732.986
高級中等學校,411301,私立泰北高中,臺北市,士林區,111,臺北市士林區福林里福林路240號,(02)28825560,http://www.tpsh.tp.edu.tw,,,303863.523,2776679.823
高級中等學校,411302,私立衛理女中,臺北市,士林區,111,臺北市士林區翠山里至善路2段321號,(02)28411487,http://www.wlgsh.tp.edu.tw,,,305698.434,2777156.491
高級中等學校,411303,私立華興中學,臺北市,士林區,111,臺北市士林區芝山里仰德大道1段101號,(02)28316834,http://www.hhhs.tp.edu.tw,,,304281.157,2777471.952
高級中等學校,411401,私立華岡藝校,臺北市,士林區,111,臺北市士林區建業路73巷8號,(02)28612354,http://www.hka.edu.tw,,,305350.222,2781072.175
高級中等學校,413301,市立陽明高中,臺北市,士林區,111,臺北市士林區後港里中正路510號,(02)28316675,http://www.ymsh.tp.edu.tw,,,302168.313,2776051.065
高級中等學校,413302,市立百齡高中,臺北市,士林區,111,臺北市士林區義信里承德路4段177號,(02)28831568,http://www.blsh.tp.edu.tw,,,302759.734,2775517.653
高級中等學校,413401,市立士林高商,臺北市,士林區,111,臺北市士林區後港里士商路150號,(02)28313114,http://www.slhs.tp.edu.tw,,,302080.37,2776398.686
高級中等學校,421301,私立薇閣高中,臺北市,北投區,112,臺北市北投區中心里珠海路50號,(02)28925332,http://www.wghs.tp.edu.tw,,,300873.746,2781374.829
高級中等學校,421302,臺北市幼華高中,臺北市,北投區,112,臺北市北投區北投路二段55號,(02)28921166,http://www.shvs.tp.edu.tw,,,300085.185,2780670.138
高級中等學校,421303,臺北市私立奎山實驗高級中學,臺北市,北投區,112,臺北市北投區榮華里明德路200號,(02)28212009,https://www.kshs.tp.edu.tw/,,,302647.4924,2778390.139
高級中等學校,421404,私立惇敘工商,臺北市,北投區,112,臺北市北投區泉源路221號,(02)28912630,http://www.thvs.tp.edu.tw,,,303138.822,2781888.32
高級中等學校,423301,市立復興高中,臺北市,北投區,112,臺北市北投區復興四路70號,(02)28914131,http://www.fhsh.tp.edu.tw,,,300593.534,2781788.832
高級中等學校,423302,市立中正高中,臺北市,北投區,112,臺北市北投區文林北路77號,(02)28234811,http://www.ccsh.tp.edu.tw,,,302098.438,2777451.537
高級中等學校,521301,天主教明誠高中,高雄市,鼓山區,804,高雄市鼓山區中華一路97號,(07)5521593,http://www.mcsh.kh.edu.tw,,,177250.403,2507465.03
高級中等學校,521303,私立大榮高中,高雄市,鼓山區,804,高雄市鼓山區大榮街1號,(07)5613281,http://www.dystcs.kh.edu.tw,,,176027.198,2506107.002
高級中等學校,521401,私立中華藝校,高雄市,鼓山區,804,高雄市鼓山區美術館路89號,(07)5549696,http://www.charts.kh.edu.tw,,,177197.193,2506881.014
高級中等學校,523301,市立鼓山高中,高雄市,鼓山區,804,高雄市鼓山區明德路2號,(07)5213258,http://www.kusjh.kh.edu.tw,,,175455.853,2505867
高級中等學校,533301,市立左營高中,高雄市,左營區,813,高雄市左營區海功路55號,(07)5822010,http://www.tyhs.edu.tw,,,177713.069,2510427.11
高級中等學校,533302,市立新莊高中,高雄市,左營區,813,高雄市左營區文慈路99號,(07)3420103,http://www.hchs.kh.edu.tw,,,179880.116,2509146.056
高級中等學校,533401,市立海青工商,高雄市,左營區,813,高雄市左營區左營大路1號,(07)5819155,http://www.hcvs.kh.edu.tw,,,176593.165,2508491.064
高級中等學校,533402,市立三民家商,高雄市,左營區,813,高雄市左營區裕誠路1102號,(07)5525887,http://www.smvhs.kh.edu.tw,,,178127.321,2507469.108
高級中等學校,540301,國立中山大學附屬國光高中,高雄市,楠梓區,811,高雄市楠梓區後昌路512號,(07)3603600,https://kksh.nsysu.edu.tw/,,,178584,2512140.008
高級中等學校,543301,市立中山高中,高雄市,楠梓區,811,高雄市楠梓區藍昌路416號,(07)3641116,http://www.cshs.kh.edu.tw,,,177297.982,2514502.227
高級中等學校,543302,市立楠梓高中,高雄市,楠梓區,811,高雄市楠梓區清豐路19號,(07)3550571,http://www.nths.kh.edu.tw,,,181436.238,2516010.169
高級中等學校,551301,私立立志高中,高雄市,三民區,807,高雄市三民區立志街42號,(07)3922601,http://www.lcvs.kh.edu.tw,,,180782.233,2506097.243
高級中等學校,551303,南海月光實驗學校,高雄市,三民區,807,高雄市三民區大中一路110巷52弄15號,(07)3458068,https://rise-education2018.webnode.tw/,,,180743.57,2508248.024
高級中等學校,551402,私立樹德家商,高雄市,三民區,807,高雄市三民區建興路116號,(07)3848622,http://www.shute.kh.edu.tw,,,180981.753,2504968.93
高級中等學校,553301,市立高雄中學,高雄市,三民區,807,高雄市三民區建國三路50號,(07)2862550,http://www.kshs.kh.edu.tw,,,177840.308,2504396.067
高級中等學校,553302,市立三民高中,高雄市,三民區,807,高雄市三民區金鼎路81號,(07)3475181,http://www.smhs.kh.edu.tw,,,180809.363,2507134.992
高級中等學校,553401,市立高雄高工,高雄市,三民區,807,高雄市三民區建工路419號,(07)3815366,http://www.ksvs.kh.edu.tw,,,180775.546,2505753.954
高級中等學校,563301,市立新興高中,高雄市,新興區,800,高雄市新興區五福二路218號,(07)2727127,http://www.hhhs.kh.edu.tw,,,178455.473,2502863.317
高級中等學校,563401,市立高雄高商,高雄市,新興區,800,高雄市新興區五福二路3號,(07)2269975,http://www.ksvcs.kh.edu.tw,,,179020.587,2503003.891
高級中等學校,573301,市立高雄女中,高雄市,前金區,801,高雄市前金區五福三路122號,(07)2115418,http://www.kghs.kh.edu.tw,,,177294.753,2502481.89
高級中等學校,580301,國立高師大附中,高雄市,苓雅區,802,高雄市苓雅區凱旋二路89號,(07)7613875,http://www.nknush.kh.edu.tw,,,180316.99,2503085.7
高級中等學校,581301,私立復華高中,高雄市,苓雅區,802,高雄市苓雅區民權一路42號,(07)3344168   ,http://www.fhhs.kh.edu.tw,,,179392.409,2502561.876
高級中等學校,581302,天主教道明中學,高雄市,苓雅區,802,高雄市苓雅區建國一路354號,(07)2240711,http://www.dmhs.kh.edu.tw,,,180422.199,2503844.903
高級中等學校,581401,私立國際商工,高雄市,苓雅區,802,高雄市苓雅區三多二路84號,(07)7228665,http://www.kcvs.kh.edu.tw,,,180732.406,2502502.258
高級中等學校,581402,私立三信家商,高雄市,苓雅區,802,高雄市苓雅區三多一路186號,(07)7517171,http://www.sanhsin.edu.tw,,,181007.329,2502611.864
高級中等學校,583301,市立中正高中,高雄市,苓雅區,802,高雄市苓雅區中正一路8號,(07)7491992,http://www.cchs.kh.edu.tw,,,182031.859,2503075.228
高級中等學校,593301,市立前鎮高中,高雄市,前鎮區,806,高雄市前鎮區鎮中路132號,(07)8226841,http://www.cjhs.kh.edu.tw,,,180068.453,2498713.752
高級中等學校,593302,市立瑞祥高中,高雄市,前鎮區,806,高雄市前鎮區班超路63號,(07)8152271,http://www.rssh.kh.edu.tw,,,180577.074,2500392.806
高級中等學校,593401,市立中正高工,高雄市,前鎮區,806,高雄市前鎮區光華二路80號,(07)7232301,http://www.ccvs.kh.edu.tw,,,179848.33,2501324.837
高級中等學校,610405,國立高餐大附屬餐旅中學,高雄市,小港區,812,高雄市小港區松和路40號,(07)8060705,https://nkhhs.kmhjh.kh.edu.tw/,,,185393.163,2496386.201
高級中等學校,613301,市立小港高中,高雄市,小港區,812,高雄市小港區學府路117號,(07)8062627,http://www.hkhs.kh.edu.tw,,,183858.973,2496287.664
高級中等學校,710301,國立金門高中,金門縣,金城鎮,893,金門縣金城鎮光前路94號,(082)326582,http://www.kmsh.km.edu.tw,,偏遠,-22411.151,2705858.874
高級中等學校,710401,國立金門農工,金門縣,金湖鎮,891,金門縣金湖鎮新市里復興路1之11號,(082)333508,http://www.kmvs.km.edu.tw,,偏遠,-11279.851,2706425.246
高級中等學校,720301,國立馬祖高中,連江縣,南竿鄉,209,連江縣南竿鄉介壽村374號,(0836)25668,http://www.mssh.matsu.edu.tw,,偏遠,144999.852,2894066.578
